dep,date,month,tx_incid
01,2020-08-15,2020-08,13.851785890966699
01,2020-09-15,2020-09,89.8082821502234
01,2020-10-15,2020-10,333.203948520066
01,2020-11-15,2020-11,442.039409091947
01,2020-12-15,2020-12,161.350473015656
01,2021-01-15,2021-01,203.36248297067502
01,2021-02-15,2021-02,202.144743551689
01,2021-03-15,2021-03,213.86548545943
02,2020-08-15,2020-08,5.132591958939259
02,2020-09-15,2020-09,42.7715996578272
02,2020-10-15,2020-10,150.365934797073
02,2020-11-15,2020-11,219.37078224503398
02,2020-12-15,2020-12,205.683870354529
02,2021-01-15,2021-01,219.560878243513
02,2021-02-15,2021-02,254.15834996673303
02,2021-03-15,2021-03,335.329341317365
03,2020-08-15,2020-08,3.6219307909391403
03,2020-09-15,2020-09,28.371791195689898
03,2020-10-15,2020-10,135.82240466021798
03,2020-11-15,2020-11,381.510043312256
03,2020-12-15,2020-12,206.751882649442
03,2021-01-15,2021-01,223.05057120866798
03,2021-02-15,2021-02,120.731026364638
03,2021-03-15,2021-03,160.572265064968
04,2020-08-15,2020-08,29.0562177279248
04,2020-09-15,2020-09,56.901759717186096
04,2020-10-15,2020-10,166.467914066236
04,2020-11-15,2020-11,277.850082023281
04,2020-12-15,2020-12,73.85122005847559
04,2021-01-15,2021-01,188.865415231511
04,2021-02-15,2021-02,233.05507969272998
04,2021-03-15,2021-03,224.58034952208598
05,2020-08-15,2020-08,14.1087502469031
05,2020-09-15,2020-09,52.90781342588671
05,2020-10-15,2020-10,259.601004543018
05,2020-11-15,2020-11,448.65825785152
05,2020-12-15,2020-12,144.614690030757
05,2021-01-15,2021-01,268.771692203505
05,2021-02-15,2021-02,243.375941759079
05,2021-03-15,2021-03,287.113067524479
06,2020-08-15,2020-08,55.0307764712858
06,2020-09-15,2020-09,157.124910598149
06,2020-10-15,2020-10,154.345578453135
06,2020-11-15,2020-11,226.422925413843
06,2020-12-15,2020-12,194.645894555844
06,2021-01-15,2021-01,436.077213552765
06,2021-02-15,2021-02,608.210517733992
06,2021-03-15,2021-03,483.14057120834195
07,2020-08-15,2020-08,10.0956022944551
07,2020-09-15,2020-09,30.286806883365198
07,2020-10-15,2020-10,292.160611854685
07,2020-11-15,2020-11,381.491395793499
07,2020-12-15,2020-12,187.227533460803
07,2021-01-15,2021-01,223.93881453154899
07,2021-02-15,2021-02,189.980879541109
07,2021-03-15,2021-03,162.44741873805
08,2020-08-15,2020-08,4.89585020204797
08,2020-09-15,2020-09,28.621893488895804
08,2020-10-15,2020-10,170.601549348287
08,2020-11-15,2020-11,370.201596047166
08,2020-12-15,2020-12,327.268755813822
08,2021-01-15,2021-01,238.766848315263
08,2021-02-15,2021-02,102.436250381311
08,2021-03-15,2021-03,231.234771081343
09,2020-08-15,2020-08,4.5932361317077595
09,2020-09-15,2020-09,49.2132442682975
09,2020-10-15,2020-10,280.187404034174
09,2020-11-15,2020-11,110.237667160986
09,2020-12-15,2020-12,79.39736741951991
09,2021-01-15,2021-01,173.230619824407
09,2021-02-15,2021-02,148.95208598538
09,2021-03-15,2021-03,145.67120303416098
10,2020-08-15,2020-08,12.5844204874366
10,2020-09-15,2020-09,44.5294878786217
10,2020-10-15,2020-10,167.14691826902902
10,2020-11-15,2020-11,244.912183332419
10,2020-12-15,2020-12,142.62343219094802
10,2021-01-15,2021-01,170.051015304591
10,2021-02-15,2021-02,185.216855379194
10,2021-03-15,2021-03,421.41674760492697
11,2020-08-15,2020-08,11.805583504380099
11,2020-09-15,2020-09,44.2709381414255
11,2020-10-15,2020-10,128.25156625213
11,2020-11-15,2020-11,177.620369997719
11,2020-12-15,2020-12,64.3940918420735
11,2021-01-15,2021-01,177.620369997719
11,2021-02-15,2021-02,166.888021357374
11,2021-03-15,2021-03,138.447297460458
12,2020-08-15,2020-08,7.9034344014944695
12,2020-09-15,2020-09,65.0237103032045
12,2020-10-15,2020-10,280.93116827130297
12,2020-11-15,2020-11,206.92628251185502
12,2020-12-15,2020-12,63.2274752119557
12,2021-01-15,2021-01,152.32073573789302
12,2021-02-15,2021-02,122.86248024141399
12,2021-03-15,2021-03,142.62106624515
13,2020-08-15,2020-08,86.0666837390985
13,2020-09-15,2020-09,239.816876049721
13,2020-10-15,2020-10,294.769790053326
13,2020-11-15,2020-11,282.87479435666
13,2020-12-15,2020-12,151.04678419774402
13,2021-01-15,2021-01,313.103812346121
13,2021-02-15,2021-02,342.349772839989
13,2021-03-15,2021-03,348.54303506222
14,2020-08-15,2020-08,8.53275638402032
14,2020-09-15,2020-09,76.3609384875038
14,2020-10-15,2020-10,188.443755396245
14,2020-11-15,2020-11,169.353520774369
14,2020-12-15,2020-12,80.9888741534132
14,2021-01-15,2021-01,131.896166478416
14,2021-02-15,2021-02,116.85537556421002
14,2021-03-15,2021-03,194.228674978632
15,2020-08-15,2020-08,1.4004523461077902
15,2020-09-15,2020-09,28.7092730952098
15,2020-10-15,2020-10,114.13686620778499
15,2020-11-15,2020-11,196.063328455091
15,2020-12-15,2020-12,148.447948687426
15,2021-01-15,2021-01,126.74093732275499
15,2021-02-15,2021-02,125.34048497664699
15,2021-03-15,2021-03,107.8348306503
16,2020-08-15,2020-08,3.1592854270779505
16,2020-09-15,2020-09,36.1881785283474
16,2020-10-15,2020-10,70.07869492791079
16,2020-11-15,2020-11,160.261933482681
16,2020-12-15,2020-12,85.01349876500659
16,2021-01-15,2021-01,122.924923889942
16,2021-02-15,2021-02,89.8960307886725
16,2021-03-15,2021-03,172.324659658797
17,2020-08-15,2020-08,4.481671508932441
17,2020-09-15,2020-09,24.5719231006985
17,2020-10-15,2020-10,48.062063423378895
17,2020-11-15,2020-11,77.7338196204488
17,2020-12-15,2020-12,26.117327069295897
17,2021-01-15,2021-01,103.387525499165
17,2021-02-15,2021-02,89.78797057550841
17,2021-03-15,2021-03,130.27755455276002
18,2020-08-15,2020-08,5.7354151765833095
18,2020-09-15,2020-09,46.220698775994904
18,2020-10-15,2020-10,140.686360507955
18,2020-11-15,2020-11,270.576645389401
18,2020-12-15,2020-12,202.763795360386
18,2021-01-15,2021-01,217.94577671016603
18,2021-02-15,2021-02,132.589303788073
18,2021-03-15,2021-03,149.458171954495
19,2020-08-15,2020-08,6.241262232873981
19,2020-09-15,2020-09,43.272751481259604
19,2020-10-15,2020-10,64.4930430730311
19,2020-11-15,2020-11,211.370747619999
19,2020-12-15,2020-12,52.8426869049997
19,2021-01-15,2021-01,134.39518008122
19,2021-02-15,2021-02,159.776313161574
19,2021-03-15,2021-03,190.566540177085
21,2020-08-15,2020-08,10.508814267967301
21,2020-09-15,2020-09,96.64355978577031
21,2020-10-15,2020-10,185.59316626820703
21,2020-11-15,2020-11,309.259391314465
21,2020-12-15,2020-12,199.292156296093
21,2021-01-15,2021-01,216.36897948153998
21,2021-02-15,2021-02,145.80979796804598
21,2021-03-15,2021-03,139.804761243493
22,2020-08-15,2020-08,4.696520884421981
22,2020-09-15,2020-09,26.837262196697
22,2020-10-15,2020-10,100.807466126343
22,2020-11-15,2020-11,137.708701646802
22,2020-12-15,2020-12,49.4812021751601
22,2021-01-15,2021-01,59.209709721462794
22,2021-02-15,2021-02,61.0547714974857
22,2021-03-15,2021-03,158.675312737971
23,2020-08-15,2020-08,23.221811301281498
23,2020-09-15,2020-09,14.621140448955
23,2020-10-15,2020-10,116.96912359164
23,2020-11-15,2020-11,291.562741893868
23,2020-12-15,2020-12,53.3241592844242
23,2021-01-15,2021-01,136.750666551991
23,2021-02-15,2021-02,107.508385654081
23,2021-03-15,2021-03,48.1637567730283
24,2020-08-15,2020-08,2.69348397254605
24,2020-09-15,2020-09,43.3406057400592
24,2020-10-15,2020-10,86.1914871214737
24,2020-11-15,2020-11,163.32307360802
24,2020-12-15,2020-12,47.7481249678618
24,2021-01-15,2021-01,139.57144221375
24,2021-02-15,2021-02,171.158663346336
24,2021-03-15,2021-03,139.081717855105
25,2020-08-15,2020-08,12.605454825201301
25,2020-09-15,2020-09,57.466044056064604
25,2020-10-15,2020-10,139.77224909120199
25,2020-11-15,2020-11,477.153540001001
25,2020-12-15,2020-12,278.98837517541
25,2021-01-15,2021-01,253.03596818234902
25,2021-02-15,2021-02,166.28077909125798
25,2021-03-15,2021-03,289.5547123083
26,2020-08-15,2020-08,9.02873828185031
26,2020-09-15,2020-09,40.9174734900876
26,2020-10-15,2020-10,225.142154602736
26,2020-11-15,2020-11,355.002305209774
26,2020-12-15,2020-12,174.619640387275
26,2021-01-15,2021-01,253.95727677885398
26,2021-02-15,2021-02,225.334255417243
26,2021-03-15,2021-03,212.463500845244
27,2020-08-15,2020-08,9.65561099208073
27,2020-09-15,2020-09,71.7511782342551
27,2020-10-15,2020-10,151.65968299630302
27,2020-11-15,2020-11,220.247816250393
27,2020-12-15,2020-12,83.23802579379941
27,2021-01-15,2021-01,109.70771799622801
27,2021-02-15,2021-02,158.984629266157
27,2021-03-15,2021-03,321.964683770416
28,2020-08-15,2020-08,17.930954182919
28,2020-09-15,2020-09,44.2452116201898
28,2020-10-15,2020-10,116.900506491238
28,2020-11-15,2020-11,188.624323222914
28,2020-12-15,2020-12,104.558421144554
28,2021-01-15,2021-01,130.174069977295
28,2021-02-15,2021-02,162.542935320487
28,2021-03-15,2021-03,294.81283111137003
29,2020-08-15,2020-08,14.4503250771603
29,2020-09-15,2020-09,27.576956254122802
29,2020-10-15,2020-10,73.24439581095
29,2020-11-15,2020-11,82.5102531123353
29,2020-12-15,2020-12,33.8645022800627
29,2021-01-15,2021-01,59.2353020338557
29,2021-02-15,2021-02,40.703587431085204
29,2021-03-15,2021-03,76.6639383864613
2A,2020-08-15,2020-08,3.69410359497848
2A,2020-09-15,2020-09,72.65070403457679
2A,2020-10-15,2020-10,182.85812795143502
2A,2020-11-15,2020-11,96.0466934694405
2A,2020-12-15,2020-12,17.2391501098996
2A,2021-01-15,2021-01,76.34480762955529
2A,2021-02-15,2021-02,48.0233467347203
2A,2021-03-15,2021-03,140.375936609182
2B,2020-08-15,2020-08,6.0354003665134
2B,2020-09-15,2020-09,75.71684096171359
2B,2020-10-15,2020-10,186.548738601323
2B,2020-11-15,2020-11,133.32748082388702
2B,2020-12-15,2020-12,29.0796563113828
2B,2021-01-15,2021-01,99.3097696671751
2B,2021-02-15,2021-02,136.61951738744
2B,2021-03-15,2021-03,174.477937868297
30,2020-08-15,2020-08,27.7900992427198
30,2020-09-15,2020-09,79.094897844664
30,2020-10-15,2020-10,253.18383685073997
30,2020-11-15,2020-11,297.140291902927
30,2020-12-15,2020-12,136.679190025492
30,2021-01-15,2021-01,196.40118214806802
30,2021-02-15,2021-02,212.166719218457
30,2021-03-15,2021-03,316.513197625015
31,2020-08-15,2020-08,38.331542862445396
31,2020-09-15,2020-09,193.79914128778302
31,2020-10-15,2020-10,278.956554015711
31,2020-11-15,2020-11,176.524963684968
31,2020-12-15,2020-12,61.0306688033349
31,2021-01-15,2021-01,186.946574966005
31,2021-02-15,2021-02,204.577657064746
31,2021-03-15,2021-03,161.749117553634
32,2020-08-15,2020-08,12.1027152178489
32,2020-09-15,2020-09,91.0334666386024
32,2020-10-15,2020-10,138.39191749105498
32,2020-11-15,2020-11,165.228372974111
32,2020-12-15,2020-12,126.815407282677
32,2021-01-15,2021-01,131.55125236792298
32,2021-02-15,2021-02,91.0334666386024
32,2021-03-15,2021-03,66.301831193433
33,2020-08-15,2020-08,20.2639827603095
33,2020-09-15,2020-09,145.765990792438
33,2020-10-15,2020-10,112.33960231168601
33,2020-11-15,2020-11,149.806543246155
33,2020-12-15,2020-12,75.72974826133799
33,2021-01-15,2021-01,158.622294054266
33,2021-02-15,2021-02,115.09452443922
33,2021-03-15,2021-03,166.458516994808
34,2020-08-15,2020-08,40.81129452576
34,2020-09-15,2020-09,100.072695118374
34,2020-10-15,2020-10,246.483214229538
34,2020-11-15,2020-11,228.968366995566
34,2020-12-15,2020-12,75.926012523966
34,2021-01-15,2021-01,174.97842527919602
34,2021-02-15,2021-02,162.224895739896
34,2021-03-15,2021-03,203.03619026565602
35,2020-08-15,2020-08,12.845713736503901
35,2020-09-15,2020-09,95.9269845934609
35,2020-10-15,2020-10,151.930599876348
35,2020-11-15,2020-11,164.314237579165
35,2020-12-15,2020-12,69.0341594328664
35,2021-01-15,2021-01,153.409243184147
35,2021-02-15,2021-02,148.141576400113
35,2021-03-15,2021-03,202.01964192804002
36,2020-08-15,2020-08,8.28962093405607
36,2020-09-15,2020-09,27.632069780186896
36,2020-10-15,2020-10,84.7383473259064
36,2020-11-15,2020-11,239.477938094953
36,2020-12-15,2020-12,101.31758919401899
36,2021-01-15,2021-01,214.14854079644797
36,2021-02-15,2021-02,194.34555745398103
36,2021-03-15,2021-03,121.581107032822
37,2020-08-15,2020-08,14.205953285539698
37,2020-09-15,2020-09,82.0971951501536
37,2020-10-15,2020-10,167.16772936007098
37,2020-11-15,2020-11,186.164062241898
37,2020-12-15,2020-12,82.0971951501536
37,2021-01-15,2021-01,176.913674055965
37,2021-02-15,2021-02,152.301034061251
37,2021-03-15,2021-03,221.513759952427
38,2020-08-15,2020-08,12.885589405041499
38,2020-09-15,2020-09,106.40492846126301
38,2020-10-15,2020-10,408.228120783033
38,2020-11-15,2020-11,506.806832366387
38,2020-12-15,2020-12,211.228803007797
38,2021-01-15,2021-01,192.57236681399502
38,2021-02-15,2021-02,175.73414262213
38,2021-03-15,2021-03,233.83787398842202
39,2020-08-15,2020-08,6.20518210270352
39,2020-09-15,2020-09,29.862438869260696
39,2020-10-15,2020-10,202.05624221928298
39,2020-11-15,2020-11,404.112484438567
39,2020-12-15,2020-12,259.066352787872
39,2021-01-15,2021-01,320.342526052069
39,2021-02-15,2021-02,227.264794511516
39,2021-03-15,2021-03,207.09795267772998
40,2020-08-15,2020-08,4.61188555727355
40,2020-09-15,2020-09,75.0038230103962
40,2020-10-15,2020-10,148.551261107969
40,2020-11-15,2020-11,218.457736923484
40,2020-12-15,2020-12,125.73456414040501
40,2021-01-15,2021-01,162.38691777978997
40,2021-02-15,2021-02,94.66501933350972
40,2021-03-15,2021-03,95.6359426087252
41,2020-08-15,2020-08,10.676102307563301
41,2020-09-15,2020-09,26.842771516159
41,2020-10-15,2020-10,93.94970030655671
41,2020-11-15,2020-11,186.374243140604
41,2020-12-15,2020-12,134.82392056979901
41,2021-01-15,2021-01,131.468574130279
41,2021-02-15,2021-02,148.245306327878
41,2021-03-15,2021-03,234.264187777388
42,2020-08-15,2020-08,14.2532661555541
42,2020-09-15,2020-09,122.65654728357599
42,2020-10-15,2020-10,608.444471759572
42,2020-11-15,2020-11,590.137524403815
42,2020-12-15,2020-12,163.977942743714
42,2021-01-15,2021-01,227.26767503076198
42,2021-02-15,2021-02,183.592529196312
42,2021-03-15,2021-03,229.752189314758
43,2020-08-15,2020-08,5.729370959140769
43,2020-09-15,2020-09,63.9045222365701
43,2020-10-15,2020-10,353.898836937695
43,2020-11-15,2020-11,564.563399896871
43,2020-12-15,2020-12,132.656973746259
43,2021-01-15,2021-01,242.396463655956
43,2021-02-15,2021-02,129.131207002173
43,2021-03-15,2021-03,107.53588569464199
44,2020-08-15,2020-08,15.9344585798014
44,2020-09-15,2020-09,54.6920718066545
44,2020-10-15,2020-10,149.602995399882
44,2020-11-15,2020-11,184.95105198738898
44,2020-12-15,2020-12,56.431641520606604
44,2021-01-15,2021-01,128.58899325533997
44,2021-02-15,2021-02,104.374182837127
44,2021-03-15,2021-03,165.954950711032
45,2020-08-15,2020-08,36.3162441974549
45,2020-09-15,2020-09,71.16812370952859
45,2020-10-15,2020-10,181.874093924351
45,2020-11-15,2020-11,278.96147256512796
45,2020-12-15,2020-12,139.407518048295
45,2021-01-15,2021-01,193.73544787593897
45,2021-02-15,2021-02,144.239921510053
45,2021-03-15,2021-03,190.074536162486
46,2020-08-15,2020-08,6.92976681334673
46,2020-09-15,2020-09,36.9587563378492
46,2020-10-15,2020-10,82.002240624603
46,2020-11-15,2020-11,178.441495443678
46,2020-12-15,2020-12,58.325537345668295
46,2021-01-15,2021-01,107.411385606874
46,2021-02-15,2021-02,104.52398276798
46,2021-03-15,2021-03,80.8472794890452
47,2020-08-15,2020-08,8.77894023055313
47,2020-09-15,2020-09,56.911750460137604
47,2020-10-15,2020-10,113.520778843359
47,2020-11-15,2020-11,240.966773224838
47,2020-12-15,2020-12,128.959604766056
47,2021-01-15,2021-01,181.935968226291
47,2021-02-15,2021-02,100.201007459072
47,2021-03-15,2021-03,130.170493073719
48,2020-08-15,2020-08,7.865139081876099
48,2020-09-15,2020-09,48.501691004902604
48,2020-10-15,2020-10,178.276485855858
48,2020-11-15,2020-11,364.418110793593
48,2020-12-15,2020-12,127.153081823664
48,2021-01-15,2021-01,249.062737592743
48,2021-02-15,2021-02,175.65477282856602
48,2021-03-15,2021-03,167.78963374669
49,2020-08-15,2020-08,16.1788300009438
49,2020-09-15,2020-09,73.9078370497658
49,2020-10-15,2020-10,165.587873721781
49,2020-11-15,2020-11,235.083302589471
49,2020-12-15,2020-12,100.87255371800501
49,2021-01-15,2021-01,130.043474477283
49,2021-02-15,2021-02,150.389578872409
49,2021-03-15,2021-03,213.634096148826
50,2020-08-15,2020-08,4.89128108765787
50,2020-09-15,2020-09,27.9210628753803
50,2020-10-15,2020-10,84.37459876209829
50,2020-11-15,2020-11,126.358094764495
50,2020-12-15,2020-12,43.4101196529636
50,2021-01-15,2021-01,194.4284232344
50,2021-02-15,2021-02,129.415145444281
50,2021-03-15,2021-03,123.504847463361
51,2020-08-15,2020-08,13.302046918979899
51,2020-09-15,2020-09,91.51808280258172
51,2020-10-15,2020-10,157.318874895136
51,2020-11-15,2020-11,179.66631371902199
51,2020-12-15,2020-12,147.209319236711
51,2021-01-15,2021-01,215.138438836301
51,2021-02-15,2021-02,148.27348299022898
51,2021-03-15,2021-03,254.867218967655
52,2020-08-15,2020-08,4.72673559822747
52,2020-09-15,2020-09,46.0856720827179
52,2020-10-15,2020-10,109.30576070900999
52,2020-11-15,2020-11,434.26883308714895
52,2020-12-15,2020-12,277.695716395864
52,2021-01-15,2021-01,241.063515509601
52,2021-02-15,2021-02,153.618906942393
52,2021-03-15,2021-03,184.93353028065
53,2020-08-15,2020-08,22.2684328590375
53,2020-09-15,2020-09,47.1566813485501
53,2020-10-15,2020-10,120.83899595566002
53,2020-11-15,2020-11,260.671655232263
53,2020-12-15,2020-12,123.458811586135
53,2021-01-15,2021-01,172.90783161135
53,2021-02-15,2021-02,93.98588574329081
53,2021-03-15,2021-03,163.083522997069
54,2020-08-15,2020-08,13.554253982075501
54,2020-09-15,2020-09,58.7351005889939
54,2020-10-15,2020-10,159.365168031676
54,2020-11-15,2020-11,225.76732137820701
54,2020-12-15,2020-12,262.185821976511
54,2021-01-15,2021-01,225.630409721823
54,2021-02-15,2021-02,185.51529440113498
54,2021-03-15,2021-03,259.858323817973
55,2020-08-15,2020-08,9.90965696070821
55,2020-09-15,2020-09,33.0321898690274
55,2020-10-15,2020-10,78.7267191878486
55,2020-11-15,2020-11,208.65333267268997
55,2020-12-15,2020-12,301.143464305966
55,2021-01-15,2021-01,264.257518952219
55,2021-02-15,2021-02,142.038416436818
55,2021-03-15,2021-03,241.1349860439
56,2020-08-15,2020-08,6.8822578040833
56,2020-09-15,2020-09,46.455240177562295
56,2020-10-15,2020-10,73.05781361257651
56,2020-11-15,2020-11,122.95418269218
56,2020-12-15,2020-12,46.322889065945304
56,2021-01-15,2021-01,94.63104480614531
56,2021-02-15,2021-02,93.70458702482641
56,2021-03-15,2021-03,135.26283607256
57,2020-08-15,2020-08,13.3221864604109
57,2020-09-15,2020-09,36.9738943067926
57,2020-10-15,2020-10,117.582776150583
57,2020-11-15,2020-11,284.689332403998
57,2020-12-15,2020-12,218.368012851083
57,2021-01-15,2021-01,204.756213641533
57,2021-02-15,2021-02,285.17202031922994
57,2021-03-15,2021-03,295.984229620434
58,2020-08-15,2020-08,4.50910839896591
58,2020-09-15,2020-09,41.583999679352296
58,2020-10-15,2020-10,109.220625663841
58,2020-11-15,2020-11,217.940239283352
58,2020-12-15,2020-12,182.869396180284
58,2021-01-15,2021-01,259.02322691837503
58,2021-02-15,2021-02,167.338022806068
58,2021-03-15,2021-03,249.50399807611402
59,2020-08-15,2020-08,27.8487192679147
59,2020-09-15,2020-09,187.94988621036498
59,2020-10-15,2020-10,472.34672389366
59,2020-11-15,2020-11,324.064846959507
59,2020-12-15,2020-12,118.772277044158
59,2021-01-15,2021-01,175.705719763861
59,2021-02-15,2021-02,248.55271635094502
59,2021-03-15,2021-03,412.09151992979497
60,2020-08-15,2020-08,12.1200809136602
60,2020-09-15,2020-09,64.9636336972186
60,2020-10-15,2020-10,218.04025563674702
60,2020-11-15,2020-11,241.189610181838
60,2020-12-15,2020-12,113.32275654272301
60,2021-01-15,2021-01,231.008742214363
60,2021-02-15,2021-02,233.675160015368
60,2021-03-15,2021-03,404.325899279704
61,2020-08-15,2020-08,10.111844219817
61,2020-09-15,2020-09,41.530788759962896
61,2020-10-15,2020-10,87.0340877491396
61,2020-11-15,2020-11,243.76767315630403
61,2020-12-15,2020-12,194.291863937913
61,2021-01-15,2021-01,207.292806506249
61,2021-02-15,2021-02,98.2293438496513
61,2021-03-15,2021-03,223.18284742310502
62,2020-08-15,2020-08,9.843210731440038
62,2020-09-15,2020-09,106.34797608444
62,2020-10-15,2020-10,225.705510408335
62,2020-11-15,2020-11,340.038188904292
62,2020-12-15,2020-12,140.833630465219
62,2021-01-15,2021-01,175.388118487477
62,2021-02-15,2021-02,269.139538181333
62,2021-03-15,2021-03,451.961689948499
63,2020-08-15,2020-08,6.967163455713071
63,2020-09-15,2020-09,76.032957712347
63,2020-10-15,2020-10,236.58063734399602
63,2020-11-15,2020-11,282.927420332001
63,2020-12-15,2020-12,132.07318550829999
63,2021-01-15,2021-01,192.65721555797901
63,2021-02-15,2021-02,164.940021810251
63,2021-03-15,2021-03,182.66085059978198
64,2020-08-15,2020-08,14.198536526101199
64,2020-09-15,2020-09,88.5578824566103
64,2020-10-15,2020-10,188.533144800189
64,2020-11-15,2020-11,263.62437405678503
64,2020-12-15,2020-12,128.665088726216
64,2021-01-15,2021-01,128.372335395781
64,2021-02-15,2021-02,60.7463160652781
64,2021-03-15,2021-03,57.96515942614489
65,2020-08-15,2020-08,13.666080347735601
65,2020-09-15,2020-09,50.6967496770837
65,2020-10-15,2020-10,186.03502924981998
65,2020-11-15,2020-11,425.411855985964
65,2020-12-15,2020-12,205.872887819114
65,2021-01-15,2021-01,168.401377188226
65,2021-02-15,2021-02,85.52321249873259
65,2021-03-15,2021-03,113.73705579728399
66,2020-08-15,2020-08,7.72442588726514
66,2020-09-15,2020-09,94.3632567849687
66,2020-10-15,2020-10,251.98329853862202
66,2020-11-15,2020-11,133.402922755741
66,2020-12-15,2020-12,46.972860125261
66,2021-01-15,2021-01,213.98747390396701
66,2021-02-15,2021-02,99.79123173277658
66,2021-03-15,2021-03,102.713987473904
67,2020-08-15,2020-08,12.4491549142818
67,2020-09-15,2020-09,61.8043151772857
67,2020-10-15,2020-10,161.57413824918999
67,2020-11-15,2020-11,253.75085974217004
67,2020-12-15,2020-12,130.053937508774
67,2021-01-15,2021-01,199.363062386159
67,2021-02-15,2021-02,157.77758745972798
67,2021-03-15,2021-03,220.553113304085
68,2020-08-15,2020-08,11.6613644582576
68,2020-09-15,2020-09,38.783863816227395
68,2020-10-15,2020-10,112.551821007227
68,2020-11-15,2020-11,261.398001058695
68,2020-12-15,2020-12,174.789440306917
68,2021-01-15,2021-01,178.45818418142503
68,2021-02-15,2021-02,132.860938883968
68,2021-03-15,2021-03,143.343064239705
69,2020-08-15,2020-08,29.1569898686123
69,2020-09-15,2020-09,192.691989716697
69,2020-10-15,2020-10,511.873078077302
69,2020-11-15,2020-11,401.215105559497
69,2020-12-15,2020-12,184.643168016221
69,2021-01-15,2021-01,210.761860951541
69,2021-02-15,2021-02,205.058391269747
69,2021-03-15,2021-03,327.17660660611
70,2020-08-15,2020-08,11.149514996097698
70,2020-09-15,2020-09,18.0107549936962
70,2020-10-15,2020-10,89.19611996878142
70,2020-11-15,2020-11,329.768347384581
70,2020-12-15,2020-12,219.988507423004
70,2021-01-15,2021-01,267.588359906344
70,2021-02-15,2021-02,174.10396493906399
70,2021-03-15,2021-03,171.959827439814
71,2020-08-15,2020-08,6.93653436140074
71,2020-09-15,2020-09,58.4129209381115
71,2020-10-15,2020-10,304.112269634043
71,2020-11-15,2020-11,387.89830310464697
71,2020-12-15,2020-12,196.04836589853699
71,2021-01-15,2021-01,246.064429451795
71,2021-02-15,2021-02,155.34186161979
71,2021-03-15,2021-03,147.3100849908
72,2020-08-15,2020-08,52.835725518405894
72,2020-09-15,2020-09,57.2982023358389
72,2020-10-15,2020-10,117.63088890753201
72,2020-11-15,2020-11,194.74248831277302
72,2020-12-15,2020-12,147.618733120681
72,2021-01-15,2021-01,164.219146881532
72,2021-02-15,2021-02,135.837794322658
72,2021-03-15,2021-03,210.45040671013697
73,2020-08-15,2020-08,8.55396395313353
73,2020-09-15,2020-09,52.017348363649795
73,2020-10-15,2020-10,304.012502658664
73,2020-11-15,2020-11,587.911630616718
73,2020-12-15,2020-12,159.982244745092
73,2021-01-15,2021-01,162.98769153943599
73,2021-02-15,2021-02,133.62678824084298
73,2021-03-15,2021-03,202.28968808086003
74,2020-08-15,2020-08,20.038507734743302
74,2020-09-15,2020-09,45.2677132561971
74,2020-10-15,2020-10,205.817202938176
74,2020-11-15,2020-11,654.390062831586
74,2020-12-15,2020-12,187.71011763569803
74,2021-01-15,2021-01,186.382264713516
74,2021-02-15,2021-02,179.38085839655702
74,2021-03-15,2021-03,271.36485173315
75,2020-08-15,2020-08,74.5715973450277
75,2020-09-15,2020-09,225.20436201950298
75,2020-10-15,2020-10,454.73778680622706
75,2020-11-15,2020-11,165.993955138807
75,2020-12-15,2020-12,124.19289745101999
75,2021-01-15,2021-01,212.77576246199902
75,2021-02-15,2021-02,259.464471661164
75,2021-03-15,2021-03,467.352582611784
76,2020-08-15,2020-08,9.72834598822307
76,2020-09-15,2020-09,108.29819872840099
76,2020-10-15,2020-10,225.038350587078
76,2020-11-15,2020-11,215.310004598854
76,2020-12-15,2020-12,107.574602745806
76,2021-01-15,2021-01,223.349959961022
76,2021-02-15,2021-02,145.040794733508
76,2021-03-15,2021-03,297.55874795383096
77,2020-08-15,2020-08,26.0605630626992
77,2020-09-15,2020-09,100.16809414396
77,2020-10-15,2020-10,271.563711052278
77,2020-11-15,2020-11,240.23484009280702
77,2020-12-15,2020-12,123.418892995047
77,2021-01-15,2021-01,184.180044071152
77,2021-02-15,2021-02,253.01926725564
77,2021-03-15,2021-03,507.021951985344
78,2020-08-15,2020-08,28.5097937699543
78,2020-09-15,2020-09,110.44956424195401
78,2020-10-15,2020-10,281.439295884028
78,2020-11-15,2020-11,198.809215635516
78,2020-12-15,2020-12,111.761152817327
78,2021-01-15,2021-01,152.62749158685
78,2021-02-15,2021-02,216.343083958927
78,2021-03-15,2021-03,398.101648114591
79,2020-08-15,2020-08,4.293838073998931
79,2020-09-15,2020-09,35.9608938697411
79,2020-10-15,2020-10,81.3145585263548
79,2020-11-15,2020-11,191.344159172577
79,2020-12-15,2020-12,115.128533359096
79,2021-01-15,2021-01,264.607771310184
79,2021-02-15,2021-02,129.351871979218
79,2021-03-15,2021-03,175.24226639508097
80,2020-08-15,2020-08,3.6857042064415597
80,2020-09-15,2020-09,57.39167978601849
80,2020-10-15,2020-10,130.579234742501
80,2020-11-15,2020-11,191.130089562612
80,2020-12-15,2020-12,120.926199916106
80,2021-01-15,2021-01,284.50126279246496
80,2021-02-15,2021-02,253.085022175654
80,2021-03-15,2021-03,356.811269128366
81,2020-08-15,2020-08,20.366178737709397
81,2020-09-15,2020-09,92.55010337769208
81,2020-10-15,2020-10,270.689717399935
81,2020-11-15,2020-11,229.69956019365898
81,2020-12-15,2020-12,108.01808722911699
81,2021-01-15,2021-01,257.799730857081
81,2021-02-15,2021-02,176.077216175386
81,2021-03-15,2021-03,184.842407024527
82,2020-08-15,2020-08,9.900311479030382
82,2020-09-15,2020-09,78.06014820004721
82,2020-10-15,2020-10,273.020128094799
82,2020-11-15,2020-11,219.710758592328
82,2020-12-15,2020-12,64.73280582442939
82,2021-01-15,2021-01,116.13826927324101
82,2021-02-15,2021-02,154.977952767899
82,2021-03-15,2021-03,206.00263500597802
83,2020-08-15,2020-08,38.6464972304896
83,2020-09-15,2020-09,81.6698266774442
83,2020-10-15,2020-10,173.95579958205897
83,2020-11-15,2020-11,268.476750639762
83,2020-12-15,2020-12,106.440834540842
83,2021-01-15,2021-01,290.826532170648
83,2021-02-15,2021-02,289.429670824968
83,2021-03-15,2021-03,363.370198056314
84,2020-08-15,2020-08,23.5295375911101
84,2020-09-15,2020-09,78.431791970367
84,2020-10-15,2020-10,236.364900347061
84,2020-11-15,2020-11,366.668627461466
84,2020-12-15,2020-12,179.85835931386399
84,2021-01-15,2021-01,261.85523273742996
84,2021-02-15,2021-02,231.373786312583
84,2021-03-15,2021-03,266.668092699248
85,2020-08-15,2020-08,5.12304830156312
85,2020-09-15,2020-09,23.4196493785742
85,2020-10-15,2020-10,97.19154492108309
85,2020-11-15,2020-11,172.427168549753
85,2020-12-15,2020-12,76.69935171483058
85,2021-01-15,2021-01,142.274369974839
85,2021-02-15,2021-02,111.389707356844
85,2021-03-15,2021-03,153.545076238277
86,2020-08-15,2020-08,8.45911503939204
86,2020-09-15,2020-09,74.074412777379
86,2020-10-15,2020-10,87.7918966250417
86,2020-11-15,2020-11,195.2455200984
86,2020-12-15,2020-12,69.50191816149139
86,2021-01-15,2021-01,120.94248259022699
86,2021-02-15,2021-02,131.687844937563
86,2021-03-15,2021-03,223.137737255314
87,2020-08-15,2020-08,4.0455911148030905
87,2020-09-15,2020-09,55.020039161322
87,2020-10-15,2020-10,177.73630297701598
87,2020-11-15,2020-11,170.72394504469
87,2020-12-15,2020-12,113.546257288807
87,2021-01-15,2021-01,122.176851667053
87,2021-02-15,2021-02,109.500666174004
87,2021-03-15,2021-03,149.686871247714
88,2020-08-15,2020-08,13.0729862038273
88,2020-09-15,2020-09,23.642634623943
88,2020-10-15,2020-10,114.59724076546499
88,2020-11-15,2020-11,284.54606141522004
88,2020-12-15,2020-12,305.407209612817
88,2021-01-15,2021-01,202.770360480641
88,2021-02-15,2021-02,116.544281263907
88,2021-03-15,2021-03,174.39919893190898
89,2020-08-15,2020-08,6.62459047986125
89,2020-09-15,2020-09,52.99672383889
89,2020-10-15,2020-10,158.387936018501
89,2020-11-15,2020-11,383.322894584698
89,2020-12-15,2020-12,267.091443438042
89,2021-01-15,2021-01,173.44382347273103
89,2021-02-15,2021-02,119.24262863750201
89,2021-03-15,2021-03,242.700905762189
90,2020-08-15,2020-08,12.843840308252199
90,2020-09-15,2020-09,60.6514681223019
90,2020-10-15,2020-10,49.9482678654251
90,2020-11-15,2020-11,382.461022512398
90,2020-12-15,2020-12,199.79307146169998
90,2021-01-15,2021-01,311.106354133219
90,2021-02-15,2021-02,111.31328267151899
90,2021-03-15,2021-03,186.23568446965598
91,2020-08-15,2020-08,36.1527693248679
91,2020-09-15,2020-09,106.032964959099
91,2020-10-15,2020-10,313.930336569398
91,2020-11-15,2020-11,221.009382287872
91,2020-12-15,2020-12,99.13589575875721
91,2021-01-15,2021-01,176.671080285675
91,2021-02-15,2021-02,214.567064902937
91,2021-03-15,2021-03,449.901129376134
92,2020-08-15,2020-08,43.7487064387438
92,2020-09-15,2020-09,176.172198874431
92,2020-10-15,2020-10,388.842964452007
92,2020-11-15,2020-11,189.74297325132198
92,2020-12-15,2020-12,108.93799705284901
92,2021-01-15,2021-01,201.144902408162
92,2021-02-15,2021-02,225.435968872733
92,2021-03-15,2021-03,421.80941179678297
93,2020-08-15,2020-08,50.714038088817205
93,2020-09-15,2020-09,159.2073521584
93,2020-10-15,2020-10,365.77574815181197
93,2020-11-15,2020-11,221.297620751202
93,2020-12-15,2020-12,154.596985059417
93,2021-01-15,2021-01,196.150163847657
93,2021-02-15,2021-02,249.917821703333
93,2021-03-15,2021-03,622.938432439261
94,2020-08-15,2020-08,54.4792079320589
94,2020-09-15,2020-09,146.439541947923
94,2020-10-15,2020-10,370.68620331839503
94,2020-11-15,2020-11,227.447137032277
94,2020-12-15,2020-12,157.81901096767402
94,2021-01-15,2021-01,210.662420228144
94,2021-02-15,2021-02,258.242825066979
94,2021-03-15,2021-03,554.6068713501239
95,2020-08-15,2020-08,33.0034589547516
95,2020-09-15,2020-09,140.585122489294
95,2020-10-15,2020-10,381.141887637641
95,2020-11-15,2020-11,235.349908759855
95,2020-12-15,2020-12,133.856261925704
95,2021-01-15,2021-01,207.39309522779598
95,2021-02-15,2021-02,260.743346839118
95,2021-03-15,2021-03,585.170552583642
971,2020-08-15,2020-08,46.434001363833
971,2020-09-15,2020-09,271.970579416736
971,2020-10-15,2020-10,119.93239209401399
971,2020-11-15,2020-11,34.4938295845616
971,2020-12-15,2020-12,13.0015203818732
971,2021-01-15,2021-01,27.3297265169988
971,2021-02-15,2021-02,54.1287787326967
971,2021-03-15,2021-03,94.19468848091829
972,2020-08-15,2020-08,34.5645562775088
972,2020-09-15,2020-09,56.0280307401554
972,2020-10-15,2020-10,153.868024719233
972,2020-11-15,2020-11,105.923640205269
972,2020-12-15,2020-12,17.83977098194
972,2021-01-15,2021-01,20.0697423546825
972,2021-02-15,2021-02,21.4634744626466
972,2021-03-15,2021-03,85.85389785058629
973,2020-08-15,2020-08,106.98645640903901
973,2020-09-15,2020-09,64.67348490321339
973,2020-10-15,2020-10,32.336742451606696
973,2020-11-15,2020-11,54.697255848994295
973,2020-12-15,2020-12,171.659941312253
973,2021-01-15,2021-01,289.654650470775
973,2021-02-15,2021-02,35.43281353739879
973,2021-03-15,2021-03,25.456584483179697
974,2020-08-15,2020-08,23.838345781601202
974,2020-09-15,2020-09,70.4684758226846
974,2020-10-15,2020-10,36.2807994334614
974,2020-11-15,2020-11,69.6544835277031
974,2020-12-15,2020-12,29.885145687178102
974,2021-01-15,2021-01,25.466330371564197
974,2021-02-15,2021-02,78.3758295453621
974,2021-03-15,2021-03,115.47062127380501
976,2020-08-15,2020-08,27.194234822217698
976,2020-09-15,2020-09,39.7178955956074
976,2020-10-15,2020-10,58.3244773160721
976,2020-11-15,2020-11,77.2888779157766
976,2020-12-15,2020-12,49.7368242143192
976,2021-01-15,2021-01,176.04688858593602
976,2021-02-15,2021-02,913.86941757821
976,2021-03-15,2021-03,190.001824876284
