[
  {
    "Id": "1441205",
    "ThreadId": "643989",
    "Html": "Thanks very much for updating this code to work with Onenote 2013. If you added Powershell support that would be the icing on the cake.<br />\n",
    "PostedDate": "2015-08-20T16:22:42.737-07:00",
    "UserRole": null,
    "MarkedAsAnswerDate": null
  },
  {
    "Id": "1475731",
    "ThreadId": "643989",
    "Html": "Upcoming release will support all languages supported by Highlight (by Andre Simon <a href=\"http://www.andre-simon.de\" rel=\"nofollow\">http://www.andre-simon.de</a>), the third party tool this uses.  Powershell is one of them.  See the Documentation Wiki for a list of features.<br />\n",
    "PostedDate": "2016-06-10T06:43:43.587-07:00",
    "UserRole": null,
    "MarkedAsAnswerDate": null
  }
]