[
  {
    "Id": "1474212",
    "ThreadId": "654906",
    "Html": "So I primarily program in VBA (and am starting to dabble in VB.net). I was amazed this doesnt support either (or at least VB.net). I will be the first to admit I am not a pro programmer and have an extremely minimal understanding of C#\r<br />\n<br />\nAfter looking in the source code I realized that this addin uses another program to actually handle the syntax highlighting called &quot;highlight.exe&quot;. The addin calls this via CLI and passes arguments to it to specify what language and style to use. Its worth mention that this program has a standalone version that can be used manually outside the addin. I highly recommend downloading it and installing as we will need 2x files from it *more on this later\r<br />\n<br />\nWhat further surprises me is that there are some mentions of VB in the source code. For example in the &quot;CodeForm.cs&quot; (in the &quot;NoteHighLightForm&quot; folder/node), there is a case statement that refers to VB/VBNET.\r<br />\n<br />\nSo I realized that the addin uses highlight.exe to syntax highlight and then performs some sort of conversion on its results as html to convert it into text with formatting that OneNote will accept (because why in the world would a program like OneNote be able to handle various text/formatting /sarcasm). The conversion from html to OneNote acceptable text doesnt care what language we use as the highlight basis.\r<br />\n<br />\nHighlight.exe has configuration files for each language (.lang) and configuration files for each editor (.theme). These are essentially text files that store the parameters of the rules for the languages highlighting and what colors to use for them.\r<br />\n<br />\nThis led me to 2 ideas:<br />\n<ol>\n<li>Long term it should be relatively easy for someone to add the button for the VB/VBA language to the ribbon, update the required files (*this is the area I am least qualified for), and add the required language file...then repackage the installer.</li>\n<li>\nShort term I was able to replace another language with the requisite .lang content for VB and use it in the addin. I did this in OneNote 2016 x64 but the steps should basically be the same in x32 or ON2013<br />\n</li>\n</ol>\nHere are the steps I took:<br />\n<ul>\n<li>Install this addin using the x32 or x64 bit installer based on your version</li>\n<li>Download and install highlight.exe <a href=\"http://www.andre-simon.de/zip/download.php\" rel=\"nofollow\">Here</a> *as of this writing version 3.29 (note 3.29 &gt; 3.4)</li>\n<li>Go into the standalone folder for highlight.</li>\n<li>Inside is a folder called &quot;langDefs&quot;</li>\n<li>In  &quot;langDefs&quot; is a file called &quot;vb.lang&quot;.</li>\n<li>Copy this to the &quot;highlight\\langDefs&quot; subfolder of the NoteHighLight2013 install directory.</li>\n<li>Go back to the standalone folder for highlight</li>\n<li>Inside is a folder called &quot;themes&quot;</li>\n<li>\nCopy the desired theme file to the &quot;themes&quot; folder (in my case I wanted the most up to date copy of the Visual Studio theme, &quot;edit-msvs2008.theme&quot;) of the &quot;highlight\\themes&quot; subfolder of the NoteHighLight2013 install directory.<br />\n</li>\n</ul>\nIMPORTANT\r<br />\n*We have to select a language to replace. I do not think it matters which but I chose to replace the Python language with the VB language. This essentially means I would click the Python button on the ribbon to convert to VB syntax highlights, but would have no option to convert to Python syntax.<br />\n<ul>\n<li>Rename the .lang file you intend to replace to something like *.lang.old (where * is whatever the name was)</li>\n<li>Make a copy of the vb.lang file in that same folder and then rename it to the language we are replacing. ex: &quot;copy vb.lang&quot; would be renamed to &quot;python.lang&quot; if you are replacing the python syntax with VB syntax.</li>\n<li>\nopen the &quot;new&quot; &quot;python.lang&quot; file and change the description at the top from =&quot;Visual Basic&quot; to =&quot;Pyhton&quot; (or whatever the proper description is for the language we replaced).<br />\n</li>\n<li>\nclose OneNote and reopen<br />\n</li>\n<li>copy some VB/VBA code from the source</li>\n<li>\nclick the button on the NoteHighLight tab in OneNote for the language you replaced with the VB syntax. Paste the code into the dialog and hit ok.<br />\n</li>\n</ul>\nThis should follow the VB language rules and the coloring you selected.\r<br />\n<br />\nAs a note, the purpose of getting the language file from the latest release of the standalone highlight.exe is it fixes an issue caused in the VB syntax when &quot;\\&quot; is used. Using an older version of the vb.lang resulted in &quot;\\&quot; specifically causing syntax highlighting issues. The language file for VB as of at least 3.29 resolves this.\r<br />\n<br />\nhighlight.exe handles many more languages then this addin provides buttons for. I would presume this process could be used for just about any language that highlight.exe supports. This is at least a short term work around to it not being officially added to the addin.\r<br />\n<br />\nI will likely take a shot at adding a new button to the addin and having it access the VB syntax highlights properly (like it does with currently included languages) and recompiling. If and when I can do this will depend largely on finding free time and making heads or tails of C#. Hope this helps others.<br />\n",
    "PostedDate": "2016-05-24T22:48:50.373-07:00",
    "UserRole": null,
    "MarkedAsAnswerDate": null
  }
]