[
  {
    "Id": "1494402",
    "ThreadId": "662106",
    "Html": "Does it work with OneNote 2016?<br />\n",
    "PostedDate": "2017-03-21T08:08:59.073-07:00",
    "UserRole": null,
    "MarkedAsAnswerDate": null
  },
  {
    "Id": "1494470",
    "ThreadId": "662106",
    "Html": "I decided to test it for myself.  And yes it does.  Thank you for an awesome Add-On!<br />\n",
    "PostedDate": "2017-03-22T10:04:19.17-07:00",
    "UserRole": null,
    "MarkedAsAnswerDate": null
  }
]