[
  {
    "Id": "1435743",
    "ThreadId": "641831",
    "Html": "Can we add shell code highlighting for when pasting code from putty? I don't have the ability to code this, but it is a request.<br />\n<br />\nI generally work in Bash or Korn Shell<br />\n",
    "PostedDate": "2015-07-23T14:27:21.15-07:00",
    "UserRole": null,
    "MarkedAsAnswerDate": null
  },
  {
    "Id": "1475730",
    "ThreadId": "641831",
    "Html": "Upcoming release will support all languages supported by Highlight (by Andre Simon <a href=\"http://www.andre-simon.de\" rel=\"nofollow\">http://www.andre-simon.de</a>), the third party tool this uses.  Bash is one of them.  See the Documentation Wiki for a list of features.<br />\n",
    "PostedDate": "2016-06-10T06:43:10.633-07:00",
    "UserRole": null,
    "MarkedAsAnswerDate": null
  }
]