[
  {
    "Id": "1458372",
    "ThreadId": "649710",
    "Html": "Currently, you select a Language and then the code window pops up. You select options for Style, Copy to Clipboard, and Line Number.\r<br />\n<br />\nAt this point I generally paste in the code to be formatted.\r<br />\nI select Copy to Clipboard and click ok, and the window closes.\r<br />\nI then paste the code into OneNote. But, if I don't like the Style, I have to re-open the code window, paste the code back into the window, change the Style to something else, click Ok and paste into OneNote... And so on.\r<br />\nWith a button added to the Code window for Copy to Clipboard, I could paste my code in the window, select a style, click the Copy to Clipboard button, and then paste into OneNote. If I don't like the style, I would simply change it, then click Copy to Clipboard again and paste into OneNote. When I like the result, then I could click on the Ok button on the Code window to close it out.<br />\n",
    "PostedDate": "2016-01-07T12:48:39.58-08:00",
    "UserRole": null,
    "MarkedAsAnswerDate": null
  },
  {
    "Id": "1475728",
    "ThreadId": "649710",
    "Html": "Upcoming release will help this. See the documentation wiki for a list of new features. I'm still thinking through some of the re-integration w/ OneNote but there will be a definite solution for this (I use it similarly and just not for OneNote).<br />\n",
    "PostedDate": "2016-06-10T06:39:19.037-07:00",
    "UserRole": null,
    "MarkedAsAnswerDate": null
  }
]