[
  {
    "Id": "641831",
    "Title": "Shell code highlighting for pasting from Putty",
    "LatestDate": "2016-06-10T06:43:10.633-07:00"
  },
  {
    "Id": "643989",
    "Title": "Powershell support please",
    "LatestDate": "2016-06-10T06:43:43.587-07:00"
  },
  {
    "Id": "649710",
    "Title": "Add Copy to Clipboard button to code window",
    "LatestDate": "2016-06-10T06:39:19.037-07:00"
  },
  {
    "Id": "654906",
    "Title": "Adding VB/VBA Support",
    "LatestDate": "2016-05-24T22:48:50.373-07:00"
  },
  {
    "Id": "662106",
    "Title": "Does it work with OneNote 2016?",
    "LatestDate": "2017-03-22T10:04:19.17-07:00"
  }
]