{
  "WorkItem": {
    "AffectedComponent": {
      "Name": "",
      "DisplayName": ""
    },
    "ClosedComment": "",
    "ClosedDate": "2015-07-28T20:23:11.823-07:00",
    "CommentCount": 1,
    "Custom": null,
    "Description": "I have a 64 bit Windows 8.1 OS so I installed the 64 bit version of NoteHighlight 2013.  It did not work, however, after uninstalling and installing the x86 version it worked just fine. Once installed there was a new top level menu item NoteHighLight.",
    "LastUpdatedDate": "2017-12-09T03:37:27.767-08:00",
    "PlannedForRelease": "Beta release.",
    "ReleaseVisibleToPublic": true,
    "Priority": {
      "Name": "Low",
      "Severity": 50,
      "Id": 1
    },
    "ProjectName": "notehighlight2013",
    "ReportedDate": "2015-06-25T16:47:56.423-07:00",
    "Status": {
      "Name": "Closed",
      "Id": 4
    },
    "ReasonClosed": {
      "Name": "Documented"
    },
    "Summary": "Problem with NoteHighlight 2013 Installation",
    "Type": {
      "Name": "Unassigned",
      "Id": 5
    },
    "VoteCount": 1,
    "Id": 1
  },
  "FileAttachments": [],
  "Comments": [
    {
      "Message": "The 32/64 bit describes the Office flavor installed, not Windows.  Sorry for the confusion.  This is the kind of problem that can be avoided with some minimum documentation; I'll see if I can get something up here.  Also I need to turn on email notification because I just now saw this post.\n\nThanks for the feedback.",
      "PostedDate": "2015-07-23T06:55:16.757-07:00",
      "Id": 187630
    }
  ]
}