{
  "WorkItem": {
    "AffectedComponent": {
      "Name": "",
      "DisplayName": ""
    },
    "ClosedComment": "",
    "ClosedDate": null,
    "CommentCount": 3,
    "Custom": null,
    "Description": "Windows 10 x32 plateform. Both Onenote 2016 and 2010 are installed. \r\nIt works fine in 2016. \r\nIn 2010, after finishing pasting/writing codes, onApp error follows up after clicking OK. (copy to clipboard is working.)",
    "LastUpdatedDate": "2016-06-10T09:45:01.41-07:00",
    "PlannedForRelease": "",
    "ReleaseVisibleToPublic": false,
    "Priority": {
      "Name": "Unassigned",
      "Severity": 0,
      "Id": 0
    },
    "ProjectName": "notehighlight2013",
    "ReportedDate": "2015-12-31T04:34:50.357-08:00",
    "Status": {
      "Name": "Proposed",
      "Id": 1
    },
    "ReasonClosed": {
      "Name": "Unassigned"
    },
    "Summary": "onApp.GetHierarcy Error: Doesn't work in Onenote 2010",
    "Type": {
      "Name": "Unassigned",
      "Id": 5
    },
    "VoteCount": 1,
    "Id": 2
  },
  "FileAttachments": [
    {
      "FileId": 1535586,
      "FileName": "2015-12-31_20-27-00.jpg",
      "DownloadUrl": ".\\1535586"
    }
  ],
  "Comments": [
    {
      "Message": "The original project NoteHighlight supported OneNote 2010.  I changed the GUIDs when I forked it and changed it to work on ON2013 (hence NoteHighlight2013) so it may be possible that the original project and this one can coexist, but I don't know.\n\nI'll look at if it is possible to detect the OneNote version and make the proper call back into ON2010 (which is why this project exists, because ON2013 changed the interface and I forked it to create the same support for 2013).  I'd just have to pull back in the few blocks I changed originally.\n\nJust out of curiosity, why do you have both 2010 and 2016 on the same machine?  Do you have things that 2010 supports that 2016 does not?  I moved to ON2013 but have not yet made the move to ON2016.",
      "PostedDate": "2016-06-10T07:28:45.183-07:00",
      "Id": 200035
    },
    {
      "Message": "I forgot to update what I found, sorry.\n\nI noticed that NoteHighlight will always try to paste to the last opened version of OneNote. For example, \n* open version 2010 first, and then \n* open version 2016\n* Switch back to 2010, call the NoteHighlight window to input something\n* Now we click OK to paste to 2010. The error will occur.\n* The way to avoid it is that always make sure we edit it in the last opened version of OneNote. So if we really want to take notes in 2010, we have to close 2016, and reopen 2010 to do some 'register' stuff.\n\nIs that possible you can let NoteHighlight detect who is his parent window, not to paste to the wrong target?\n\n2010, 2013, 2016 are basically the same. But on my system, 2010's font rendering is clearer and sharper. The scroll bars are old fashioned, so that my mouse driver can handle them. 2010 is faster. For short, 2010 works better for my old system (really really old). If you have no complaints about 2013, 2016 is right for you. 2016 provides even a little more functions, which I can't name them or need them. :-)\n\n",
      "PostedDate": "2016-06-10T09:31:38.54-07:00",
      "Id": 200038
    },
    {
      "Message": "I'd like mention the other problem here.\n\nNoteHighlight always indents Python codes with 8 spaces. That is wrong to Python standard. If you don't write Python, then ignore me. This is an old problem of NoteHighlight 2010.",
      "PostedDate": "2016-06-10T09:45:01.41-07:00",
      "Id": 200039
    }
  ]
}