[
  {
    "Id": "0",
    "Name": "CodeHighlight2013 version 2 Release",
    "DevelopmentStatus": "Planning",
    "Description": "!! Release Notes\n* All languages supported by Highlight (the third party pkg this uses: http://www.andre-simon.de) are supported through a drop down on the form.\n* All styles supported by Highlight (the third party pkg this uses: http://www.andre-simon.de) are supported through a drop down on the form.\n* Added Font & Size drop downs on the form.\n* Added preview checkbox & live preview section.\n* Added drag/drop to allow dropping modules onto form.\n* Updated settings saving to include new items.\n* Updated ICSharpCode.TextEditor control (the third party pkg this uses http://www.icsharpcode.net) to new available languages where applicable,.\n* Added About to System Menu and noted the third party packages this uses.\n* Added Configure to System\n* Update integration w/ Onenote\n* Documentation on CodePlex",
    "ReleasedDatge": "0001-01-01T00:00:00",
    "ModifiedDate": "2016-06-13T05:06:41.907-07:00",
    "Files": []
  },
  {
    "Id": "1",
    "Name": "Beta release.",
    "DevelopmentStatus": "Beta",
    "Description": "Initial release of port to OneNote2013 from project NoteHighlight [url:http://notehighlight.codeplex.com/].\n\nDownload the x86 Install if you have the 32-bit version of Office installed.\nDownload the x64 install if you have the 64-bit version of Office installed.\n\nYou may have to manually enable \"Load on startup\" in OneNote 2013 (File/Options/Manage: COM Add-Ins) after running the install MSI (I am looking into the cause of the problem).\n\nThe original NoteHighlight is on branch NoteHighlight2010.",
    "ReleasedDatge": "0001-01-01T00:00:00",
    "ModifiedDate": "2015-07-23T07:03:46.77-07:00",
    "Files": [
      {
        "Id": "602f3554-22fe-430b-92e1-81e58fee3fde",
        "FileName": "NoteAddinsSetup.msi",
        "Url": "./1/602f3554-22fe-430b-92e1-81e58fee3fde",
        "Type": "Application",
        "UploadDate": "2015-06-14T11:49:23.03-07:00"
      },
      {
        "Id": "cb41e771-2dab-4a22-8ea6-f1a2d4e4e396",
        "FileName": "NoteAddinsSetup_x64.msi",
        "Url": "./1/cb41e771-2dab-4a22-8ea6-f1a2d4e4e396",
        "Type": "Application",
        "UploadDate": "2015-06-14T11:49:22.923-07:00"
      }
    ]
  }
]