[
  {
    "Title": "Documentation",
    "Id": "1872399",
    "ParentWikiTitle": "Documentation",
    "FileExtension": "codeplexwiki",
    "UpdatedDate": "2016-06-10T07:49:22.797-07:00",
    "FileAttachments": [
      {
        "Id": "a970451e-a87e-4e7d-a161-28c5dbbed3b4",
        "FileName": "screenshot.png",
        "DownloadUri": "./1872399/a970451e-a87e-4e7d-a161-28c5dbbed3b4"
      }
    ]
  },
  {
    "Title": "Home",
    "Id": "1820657",
    "ParentWikiTitle": "Home",
    "FileExtension": "html",
    "UpdatedDate": "2015-06-14T06:47:17.69-07:00",
    "FileAttachments": []
  }
]
