,dep,date,month,tx_incid
150,01,2020-08-15,2020-08,13.851785890966699
181,01,2020-09-15,2020-09,89.8082821502234
211,01,2020-10-15,2020-10,333.203948520066
242,01,2020-11-15,2020-11,442.039409091947
272,01,2020-12-15,2020-12,161.350473015656
303,01,2021-01-15,2021-01,203.36248297067502
334,01,2021-02-15,2021-02,202.144743551689
362,01,2021-03-15,2021-03,213.86548545943
538,02,2020-08-15,2020-08,5.132591958939259
569,02,2020-09-15,2020-09,42.7715996578272
599,02,2020-10-15,2020-10,150.365934797073
630,02,2020-11-15,2020-11,219.37078224503398
660,02,2020-12-15,2020-12,205.683870354529
691,02,2021-01-15,2021-01,219.560878243513
722,02,2021-02-15,2021-02,254.15834996673303
750,02,2021-03-15,2021-03,335.329341317365
926,03,2020-08-15,2020-08,3.6219307909391403
957,03,2020-09-15,2020-09,28.371791195689898
987,03,2020-10-15,2020-10,135.82240466021798
1018,03,2020-11-15,2020-11,381.510043312256
1048,03,2020-12-15,2020-12,206.751882649442
1079,03,2021-01-15,2021-01,223.05057120866798
1110,03,2021-02-15,2021-02,120.731026364638
1138,03,2021-03-15,2021-03,160.572265064968
1314,04,2020-08-15,2020-08,29.0562177279248
1345,04,2020-09-15,2020-09,56.901759717186096
1375,04,2020-10-15,2020-10,166.467914066236
1406,04,2020-11-15,2020-11,277.850082023281
1436,04,2020-12-15,2020-12,73.85122005847559
1467,04,2021-01-15,2021-01,188.865415231511
1498,04,2021-02-15,2021-02,233.05507969272998
1526,04,2021-03-15,2021-03,224.58034952208598
1702,05,2020-08-15,2020-08,14.1087502469031
1733,05,2020-09-15,2020-09,52.90781342588671
1763,05,2020-10-15,2020-10,259.601004543018
1794,05,2020-11-15,2020-11,448.65825785152
1824,05,2020-12-15,2020-12,144.614690030757
1855,05,2021-01-15,2021-01,268.771692203505
1886,05,2021-02-15,2021-02,243.375941759079
1914,05,2021-03-15,2021-03,287.113067524479
2090,06,2020-08-15,2020-08,55.0307764712858
2121,06,2020-09-15,2020-09,157.124910598149
2151,06,2020-10-15,2020-10,154.345578453135
2182,06,2020-11-15,2020-11,226.422925413843
2212,06,2020-12-15,2020-12,194.645894555844
2243,06,2021-01-15,2021-01,436.077213552765
2274,06,2021-02-15,2021-02,608.210517733992
2302,06,2021-03-15,2021-03,483.14057120834195
2478,07,2020-08-15,2020-08,10.0956022944551
2509,07,2020-09-15,2020-09,30.286806883365198
2539,07,2020-10-15,2020-10,292.160611854685
2570,07,2020-11-15,2020-11,381.491395793499
2600,07,2020-12-15,2020-12,187.227533460803
2631,07,2021-01-15,2021-01,223.93881453154899
2662,07,2021-02-15,2021-02,189.980879541109
2690,07,2021-03-15,2021-03,162.44741873805
2866,08,2020-08-15,2020-08,4.89585020204797
2897,08,2020-09-15,2020-09,28.621893488895804
2927,08,2020-10-15,2020-10,170.601549348287
2958,08,2020-11-15,2020-11,370.201596047166
2988,08,2020-12-15,2020-12,327.268755813822
3019,08,2021-01-15,2021-01,238.766848315263
3050,08,2021-02-15,2021-02,102.436250381311
3078,08,2021-03-15,2021-03,231.234771081343
3254,09,2020-08-15,2020-08,4.5932361317077595
3285,09,2020-09-15,2020-09,49.2132442682975
3315,09,2020-10-15,2020-10,280.187404034174
3346,09,2020-11-15,2020-11,110.237667160986
3376,09,2020-12-15,2020-12,79.39736741951991
3407,09,2021-01-15,2021-01,173.230619824407
3438,09,2021-02-15,2021-02,148.95208598538
3466,09,2021-03-15,2021-03,145.67120303416098
3642,10,2020-08-15,2020-08,12.5844204874366
3673,10,2020-09-15,2020-09,44.5294878786217
3703,10,2020-10-15,2020-10,167.14691826902902
3734,10,2020-11-15,2020-11,244.912183332419
3764,10,2020-12-15,2020-12,142.62343219094802
3795,10,2021-01-15,2021-01,170.051015304591
3826,10,2021-02-15,2021-02,185.216855379194
3854,10,2021-03-15,2021-03,421.41674760492697
4030,11,2020-08-15,2020-08,11.805583504380099
4061,11,2020-09-15,2020-09,44.2709381414255
4091,11,2020-10-15,2020-10,128.25156625213
4122,11,2020-11-15,2020-11,177.620369997719
4152,11,2020-12-15,2020-12,64.3940918420735
4183,11,2021-01-15,2021-01,177.620369997719
4214,11,2021-02-15,2021-02,166.888021357374
4242,11,2021-03-15,2021-03,138.447297460458
4418,12,2020-08-15,2020-08,7.9034344014944695
4449,12,2020-09-15,2020-09,65.0237103032045
4479,12,2020-10-15,2020-10,280.93116827130297
4510,12,2020-11-15,2020-11,206.92628251185502
4540,12,2020-12-15,2020-12,63.2274752119557
4571,12,2021-01-15,2021-01,152.32073573789302
4602,12,2021-02-15,2021-02,122.86248024141399
4630,12,2021-03-15,2021-03,142.62106624515
4806,13,2020-08-15,2020-08,86.0666837390985
4837,13,2020-09-15,2020-09,239.816876049721
4867,13,2020-10-15,2020-10,294.769790053326
4898,13,2020-11-15,2020-11,282.87479435666
4928,13,2020-12-15,2020-12,151.04678419774402
4959,13,2021-01-15,2021-01,313.103812346121
4990,13,2021-02-15,2021-02,342.349772839989
5018,13,2021-03-15,2021-03,348.54303506222
5194,14,2020-08-15,2020-08,8.53275638402032
5225,14,2020-09-15,2020-09,76.3609384875038
5255,14,2020-10-15,2020-10,188.443755396245
5286,14,2020-11-15,2020-11,169.353520774369
5316,14,2020-12-15,2020-12,80.9888741534132
5347,14,2021-01-15,2021-01,131.896166478416
5378,14,2021-02-15,2021-02,116.85537556421002
5406,14,2021-03-15,2021-03,194.228674978632
5582,15,2020-08-15,2020-08,1.4004523461077902
5613,15,2020-09-15,2020-09,28.7092730952098
5643,15,2020-10-15,2020-10,114.13686620778499
5674,15,2020-11-15,2020-11,196.063328455091
5704,15,2020-12-15,2020-12,148.447948687426
5735,15,2021-01-15,2021-01,126.74093732275499
5766,15,2021-02-15,2021-02,125.34048497664699
5794,15,2021-03-15,2021-03,107.8348306503
5970,16,2020-08-15,2020-08,3.1592854270779505
6001,16,2020-09-15,2020-09,36.1881785283474
6031,16,2020-10-15,2020-10,70.07869492791079
6062,16,2020-11-15,2020-11,160.261933482681
6092,16,2020-12-15,2020-12,85.01349876500659
6123,16,2021-01-15,2021-01,122.924923889942
6154,16,2021-02-15,2021-02,89.8960307886725
6182,16,2021-03-15,2021-03,172.324659658797
6358,17,2020-08-15,2020-08,4.481671508932441
6389,17,2020-09-15,2020-09,24.5719231006985
6419,17,2020-10-15,2020-10,48.062063423378895
6450,17,2020-11-15,2020-11,77.7338196204488
6480,17,2020-12-15,2020-12,26.117327069295897
6511,17,2021-01-15,2021-01,103.387525499165
6542,17,2021-02-15,2021-02,89.78797057550841
6570,17,2021-03-15,2021-03,130.27755455276002
6746,18,2020-08-15,2020-08,5.7354151765833095
6777,18,2020-09-15,2020-09,46.220698775994904
6807,18,2020-10-15,2020-10,140.686360507955
6838,18,2020-11-15,2020-11,270.576645389401
6868,18,2020-12-15,2020-12,202.763795360386
6899,18,2021-01-15,2021-01,217.94577671016603
6930,18,2021-02-15,2021-02,132.589303788073
6958,18,2021-03-15,2021-03,149.458171954495
7134,19,2020-08-15,2020-08,6.241262232873981
7165,19,2020-09-15,2020-09,43.272751481259604
7195,19,2020-10-15,2020-10,64.4930430730311
7226,19,2020-11-15,2020-11,211.370747619999
7256,19,2020-12-15,2020-12,52.8426869049997
7287,19,2021-01-15,2021-01,134.39518008122
7318,19,2021-02-15,2021-02,159.776313161574
7346,19,2021-03-15,2021-03,190.566540177085
7522,21,2020-08-15,2020-08,10.508814267967301
7553,21,2020-09-15,2020-09,96.64355978577031
7583,21,2020-10-15,2020-10,185.59316626820703
7614,21,2020-11-15,2020-11,309.259391314465
7644,21,2020-12-15,2020-12,199.292156296093
7675,21,2021-01-15,2021-01,216.36897948153998
7706,21,2021-02-15,2021-02,145.80979796804598
7734,21,2021-03-15,2021-03,139.804761243493
7910,22,2020-08-15,2020-08,4.696520884421981
7941,22,2020-09-15,2020-09,26.837262196697
7971,22,2020-10-15,2020-10,100.807466126343
8002,22,2020-11-15,2020-11,137.708701646802
8032,22,2020-12-15,2020-12,49.4812021751601
8063,22,2021-01-15,2021-01,59.209709721462794
8094,22,2021-02-15,2021-02,61.0547714974857
8122,22,2021-03-15,2021-03,158.675312737971
8298,23,2020-08-15,2020-08,23.221811301281498
8329,23,2020-09-15,2020-09,14.621140448955
8359,23,2020-10-15,2020-10,116.96912359164
8390,23,2020-11-15,2020-11,291.562741893868
8420,23,2020-12-15,2020-12,53.3241592844242
8451,23,2021-01-15,2021-01,136.750666551991
8482,23,2021-02-15,2021-02,107.508385654081
8510,23,2021-03-15,2021-03,48.1637567730283
8686,24,2020-08-15,2020-08,2.69348397254605
8717,24,2020-09-15,2020-09,43.3406057400592
8747,24,2020-10-15,2020-10,86.1914871214737
8778,24,2020-11-15,2020-11,163.32307360802
8808,24,2020-12-15,2020-12,47.7481249678618
8839,24,2021-01-15,2021-01,139.57144221375
8870,24,2021-02-15,2021-02,171.158663346336
8898,24,2021-03-15,2021-03,139.081717855105
9074,25,2020-08-15,2020-08,12.605454825201301
9105,25,2020-09-15,2020-09,57.466044056064604
9135,25,2020-10-15,2020-10,139.77224909120199
9166,25,2020-11-15,2020-11,477.153540001001
9196,25,2020-12-15,2020-12,278.98837517541
9227,25,2021-01-15,2021-01,253.03596818234902
9258,25,2021-02-15,2021-02,166.28077909125798
9286,25,2021-03-15,2021-03,289.5547123083
9462,26,2020-08-15,2020-08,9.02873828185031
9493,26,2020-09-15,2020-09,40.9174734900876
9523,26,2020-10-15,2020-10,225.142154602736
9554,26,2020-11-15,2020-11,355.002305209774
9584,26,2020-12-15,2020-12,174.619640387275
9615,26,2021-01-15,2021-01,253.95727677885398
9646,26,2021-02-15,2021-02,225.334255417243
9674,26,2021-03-15,2021-03,212.463500845244
9850,27,2020-08-15,2020-08,9.65561099208073
9881,27,2020-09-15,2020-09,71.7511782342551
9911,27,2020-10-15,2020-10,151.65968299630302
9942,27,2020-11-15,2020-11,220.247816250393
9972,27,2020-12-15,2020-12,83.23802579379941
10003,27,2021-01-15,2021-01,109.70771799622801
10034,27,2021-02-15,2021-02,158.984629266157
10062,27,2021-03-15,2021-03,321.964683770416
10238,28,2020-08-15,2020-08,17.930954182919
10269,28,2020-09-15,2020-09,44.2452116201898
10299,28,2020-10-15,2020-10,116.900506491238
10330,28,2020-11-15,2020-11,188.624323222914
10360,28,2020-12-15,2020-12,104.558421144554
10391,28,2021-01-15,2021-01,130.174069977295
10422,28,2021-02-15,2021-02,162.542935320487
10450,28,2021-03-15,2021-03,294.81283111137003
10626,29,2020-08-15,2020-08,14.4503250771603
10657,29,2020-09-15,2020-09,27.576956254122802
10687,29,2020-10-15,2020-10,73.24439581095
10718,29,2020-11-15,2020-11,82.5102531123353
10748,29,2020-12-15,2020-12,33.8645022800627
10779,29,2021-01-15,2021-01,59.2353020338557
10810,29,2021-02-15,2021-02,40.703587431085204
10838,29,2021-03-15,2021-03,76.6639383864613
11014,2A,2020-08-15,2020-08,3.69410359497848
11045,2A,2020-09-15,2020-09,72.65070403457679
11075,2A,2020-10-15,2020-10,182.85812795143502
11106,2A,2020-11-15,2020-11,96.0466934694405
11136,2A,2020-12-15,2020-12,17.2391501098996
11167,2A,2021-01-15,2021-01,76.34480762955529
11198,2A,2021-02-15,2021-02,48.0233467347203
11226,2A,2021-03-15,2021-03,140.375936609182
11402,2B,2020-08-15,2020-08,6.0354003665134
11433,2B,2020-09-15,2020-09,75.71684096171359
11463,2B,2020-10-15,2020-10,186.548738601323
11494,2B,2020-11-15,2020-11,133.32748082388702
11524,2B,2020-12-15,2020-12,29.0796563113828
11555,2B,2021-01-15,2021-01,99.3097696671751
11586,2B,2021-02-15,2021-02,136.61951738744
11614,2B,2021-03-15,2021-03,174.477937868297
11790,30,2020-08-15,2020-08,27.7900992427198
11821,30,2020-09-15,2020-09,79.094897844664
11851,30,2020-10-15,2020-10,253.18383685073997
11882,30,2020-11-15,2020-11,297.140291902927
11912,30,2020-12-15,2020-12,136.679190025492
11943,30,2021-01-15,2021-01,196.40118214806802
11974,30,2021-02-15,2021-02,212.166719218457
12002,30,2021-03-15,2021-03,316.513197625015
12178,31,2020-08-15,2020-08,38.331542862445396
12209,31,2020-09-15,2020-09,193.79914128778302
12239,31,2020-10-15,2020-10,278.956554015711
12270,31,2020-11-15,2020-11,176.524963684968
12300,31,2020-12-15,2020-12,61.0306688033349
12331,31,2021-01-15,2021-01,186.946574966005
12362,31,2021-02-15,2021-02,204.577657064746
12390,31,2021-03-15,2021-03,161.749117553634
12566,32,2020-08-15,2020-08,12.1027152178489
12597,32,2020-09-15,2020-09,91.0334666386024
12627,32,2020-10-15,2020-10,138.39191749105498
12658,32,2020-11-15,2020-11,165.228372974111
12688,32,2020-12-15,2020-12,126.815407282677
12719,32,2021-01-15,2021-01,131.55125236792298
12750,32,2021-02-15,2021-02,91.0334666386024
12778,32,2021-03-15,2021-03,66.301831193433
12954,33,2020-08-15,2020-08,20.2639827603095
12985,33,2020-09-15,2020-09,145.765990792438
13015,33,2020-10-15,2020-10,112.33960231168601
13046,33,2020-11-15,2020-11,149.806543246155
13076,33,2020-12-15,2020-12,75.72974826133799
13107,33,2021-01-15,2021-01,158.622294054266
13138,33,2021-02-15,2021-02,115.09452443922
13166,33,2021-03-15,2021-03,166.458516994808
13342,34,2020-08-15,2020-08,40.81129452576
13373,34,2020-09-15,2020-09,100.072695118374
13403,34,2020-10-15,2020-10,246.483214229538
13434,34,2020-11-15,2020-11,228.968366995566
13464,34,2020-12-15,2020-12,75.926012523966
13495,34,2021-01-15,2021-01,174.97842527919602
13526,34,2021-02-15,2021-02,162.224895739896
13554,34,2021-03-15,2021-03,203.03619026565602
13730,35,2020-08-15,2020-08,12.845713736503901
13761,35,2020-09-15,2020-09,95.9269845934609
13791,35,2020-10-15,2020-10,151.930599876348
13822,35,2020-11-15,2020-11,164.314237579165
13852,35,2020-12-15,2020-12,69.0341594328664
13883,35,2021-01-15,2021-01,153.409243184147
13914,35,2021-02-15,2021-02,148.141576400113
13942,35,2021-03-15,2021-03,202.01964192804002
14118,36,2020-08-15,2020-08,8.28962093405607
14149,36,2020-09-15,2020-09,27.632069780186896
14179,36,2020-10-15,2020-10,84.7383473259064
14210,36,2020-11-15,2020-11,239.477938094953
14240,36,2020-12-15,2020-12,101.31758919401899
14271,36,2021-01-15,2021-01,214.14854079644797
14302,36,2021-02-15,2021-02,194.34555745398103
14330,36,2021-03-15,2021-03,121.581107032822
14506,37,2020-08-15,2020-08,14.205953285539698
14537,37,2020-09-15,2020-09,82.0971951501536
14567,37,2020-10-15,2020-10,167.16772936007098
14598,37,2020-11-15,2020-11,186.164062241898
14628,37,2020-12-15,2020-12,82.0971951501536
14659,37,2021-01-15,2021-01,176.913674055965
14690,37,2021-02-15,2021-02,152.301034061251
14718,37,2021-03-15,2021-03,221.513759952427
14894,38,2020-08-15,2020-08,12.885589405041499
14925,38,2020-09-15,2020-09,106.40492846126301
14955,38,2020-10-15,2020-10,408.228120783033
14986,38,2020-11-15,2020-11,506.806832366387
15016,38,2020-12-15,2020-12,211.228803007797
15047,38,2021-01-15,2021-01,192.57236681399502
15078,38,2021-02-15,2021-02,175.73414262213
15106,38,2021-03-15,2021-03,233.83787398842202
15282,39,2020-08-15,2020-08,6.20518210270352
15313,39,2020-09-15,2020-09,29.862438869260696
15343,39,2020-10-15,2020-10,202.05624221928298
15374,39,2020-11-15,2020-11,404.112484438567
15404,39,2020-12-15,2020-12,259.066352787872
15435,39,2021-01-15,2021-01,320.342526052069
15466,39,2021-02-15,2021-02,227.264794511516
15494,39,2021-03-15,2021-03,207.09795267772998
15670,40,2020-08-15,2020-08,4.61188555727355
15701,40,2020-09-15,2020-09,75.0038230103962
15731,40,2020-10-15,2020-10,148.551261107969
15762,40,2020-11-15,2020-11,218.457736923484
15792,40,2020-12-15,2020-12,125.73456414040501
15823,40,2021-01-15,2021-01,162.38691777978997
15854,40,2021-02-15,2021-02,94.66501933350972
15882,40,2021-03-15,2021-03,95.6359426087252
16058,41,2020-08-15,2020-08,10.676102307563301
16089,41,2020-09-15,2020-09,26.842771516159
16119,41,2020-10-15,2020-10,93.94970030655671
16150,41,2020-11-15,2020-11,186.374243140604
16180,41,2020-12-15,2020-12,134.82392056979901
16211,41,2021-01-15,2021-01,131.468574130279
16242,41,2021-02-15,2021-02,148.245306327878
16270,41,2021-03-15,2021-03,234.264187777388
16446,42,2020-08-15,2020-08,14.2532661555541
16477,42,2020-09-15,2020-09,122.65654728357599
16507,42,2020-10-15,2020-10,608.444471759572
16538,42,2020-11-15,2020-11,590.137524403815
16568,42,2020-12-15,2020-12,163.977942743714
16599,42,2021-01-15,2021-01,227.26767503076198
16630,42,2021-02-15,2021-02,183.592529196312
16658,42,2021-03-15,2021-03,229.752189314758
16834,43,2020-08-15,2020-08,5.729370959140769
16865,43,2020-09-15,2020-09,63.9045222365701
16895,43,2020-10-15,2020-10,353.898836937695
16926,43,2020-11-15,2020-11,564.563399896871
16956,43,2020-12-15,2020-12,132.656973746259
16987,43,2021-01-15,2021-01,242.396463655956
17018,43,2021-02-15,2021-02,129.131207002173
17046,43,2021-03-15,2021-03,107.53588569464199
17222,44,2020-08-15,2020-08,15.9344585798014
17253,44,2020-09-15,2020-09,54.6920718066545
17283,44,2020-10-15,2020-10,149.602995399882
17314,44,2020-11-15,2020-11,184.95105198738898
17344,44,2020-12-15,2020-12,56.431641520606604
17375,44,2021-01-15,2021-01,128.58899325533997
17406,44,2021-02-15,2021-02,104.374182837127
17434,44,2021-03-15,2021-03,165.954950711032
17610,45,2020-08-15,2020-08,36.3162441974549
17641,45,2020-09-15,2020-09,71.16812370952859
17671,45,2020-10-15,2020-10,181.874093924351
17702,45,2020-11-15,2020-11,278.96147256512796
17732,45,2020-12-15,2020-12,139.407518048295
17763,45,2021-01-15,2021-01,193.73544787593897
17794,45,2021-02-15,2021-02,144.239921510053
17822,45,2021-03-15,2021-03,190.074536162486
17998,46,2020-08-15,2020-08,6.92976681334673
18029,46,2020-09-15,2020-09,36.9587563378492
18059,46,2020-10-15,2020-10,82.002240624603
18090,46,2020-11-15,2020-11,178.441495443678
18120,46,2020-12-15,2020-12,58.325537345668295
18151,46,2021-01-15,2021-01,107.411385606874
18182,46,2021-02-15,2021-02,104.52398276798
18210,46,2021-03-15,2021-03,80.8472794890452
18386,47,2020-08-15,2020-08,8.77894023055313
18417,47,2020-09-15,2020-09,56.911750460137604
18447,47,2020-10-15,2020-10,113.520778843359
18478,47,2020-11-15,2020-11,240.966773224838
18508,47,2020-12-15,2020-12,128.959604766056
18539,47,2021-01-15,2021-01,181.935968226291
18570,47,2021-02-15,2021-02,100.201007459072
18598,47,2021-03-15,2021-03,130.170493073719
18774,48,2020-08-15,2020-08,7.865139081876099
18805,48,2020-09-15,2020-09,48.501691004902604
18835,48,2020-10-15,2020-10,178.276485855858
18866,48,2020-11-15,2020-11,364.418110793593
18896,48,2020-12-15,2020-12,127.153081823664
18927,48,2021-01-15,2021-01,249.062737592743
18958,48,2021-02-15,2021-02,175.65477282856602
18986,48,2021-03-15,2021-03,167.78963374669
19162,49,2020-08-15,2020-08,16.1788300009438
19193,49,2020-09-15,2020-09,73.9078370497658
19223,49,2020-10-15,2020-10,165.587873721781
19254,49,2020-11-15,2020-11,235.083302589471
19284,49,2020-12-15,2020-12,100.87255371800501
19315,49,2021-01-15,2021-01,130.043474477283
19346,49,2021-02-15,2021-02,150.389578872409
19374,49,2021-03-15,2021-03,213.634096148826
19550,50,2020-08-15,2020-08,4.89128108765787
19581,50,2020-09-15,2020-09,27.9210628753803
19611,50,2020-10-15,2020-10,84.37459876209829
19642,50,2020-11-15,2020-11,126.358094764495
19672,50,2020-12-15,2020-12,43.4101196529636
19703,50,2021-01-15,2021-01,194.4284232344
19734,50,2021-02-15,2021-02,129.415145444281
19762,50,2021-03-15,2021-03,123.504847463361
19938,51,2020-08-15,2020-08,13.302046918979899
19969,51,2020-09-15,2020-09,91.51808280258172
19999,51,2020-10-15,2020-10,157.318874895136
20030,51,2020-11-15,2020-11,179.66631371902199
20060,51,2020-12-15,2020-12,147.209319236711
20091,51,2021-01-15,2021-01,215.138438836301
20122,51,2021-02-15,2021-02,148.27348299022898
20150,51,2021-03-15,2021-03,254.867218967655
20326,52,2020-08-15,2020-08,4.72673559822747
20357,52,2020-09-15,2020-09,46.0856720827179
20387,52,2020-10-15,2020-10,109.30576070900999
20418,52,2020-11-15,2020-11,434.26883308714895
20448,52,2020-12-15,2020-12,277.695716395864
20479,52,2021-01-15,2021-01,241.063515509601
20510,52,2021-02-15,2021-02,153.618906942393
20538,52,2021-03-15,2021-03,184.93353028065
20714,53,2020-08-15,2020-08,22.2684328590375
20745,53,2020-09-15,2020-09,47.1566813485501
20775,53,2020-10-15,2020-10,120.83899595566002
20806,53,2020-11-15,2020-11,260.671655232263
20836,53,2020-12-15,2020-12,123.458811586135
20867,53,2021-01-15,2021-01,172.90783161135
20898,53,2021-02-15,2021-02,93.98588574329081
20926,53,2021-03-15,2021-03,163.083522997069
21102,54,2020-08-15,2020-08,13.554253982075501
21133,54,2020-09-15,2020-09,58.7351005889939
21163,54,2020-10-15,2020-10,159.365168031676
21194,54,2020-11-15,2020-11,225.76732137820701
21224,54,2020-12-15,2020-12,262.185821976511
21255,54,2021-01-15,2021-01,225.630409721823
21286,54,2021-02-15,2021-02,185.51529440113498
21314,54,2021-03-15,2021-03,259.858323817973
21490,55,2020-08-15,2020-08,9.90965696070821
21521,55,2020-09-15,2020-09,33.0321898690274
21551,55,2020-10-15,2020-10,78.7267191878486
21582,55,2020-11-15,2020-11,208.65333267268997
21612,55,2020-12-15,2020-12,301.143464305966
21643,55,2021-01-15,2021-01,264.257518952219
21674,55,2021-02-15,2021-02,142.038416436818
21702,55,2021-03-15,2021-03,241.1349860439
21878,56,2020-08-15,2020-08,6.8822578040833
21909,56,2020-09-15,2020-09,46.455240177562295
21939,56,2020-10-15,2020-10,73.05781361257651
21970,56,2020-11-15,2020-11,122.95418269218
22000,56,2020-12-15,2020-12,46.322889065945304
22031,56,2021-01-15,2021-01,94.63104480614531
22062,56,2021-02-15,2021-02,93.70458702482641
22090,56,2021-03-15,2021-03,135.26283607256
22266,57,2020-08-15,2020-08,13.3221864604109
22297,57,2020-09-15,2020-09,36.9738943067926
22327,57,2020-10-15,2020-10,117.582776150583
22358,57,2020-11-15,2020-11,284.689332403998
22388,57,2020-12-15,2020-12,218.368012851083
22419,57,2021-01-15,2021-01,204.756213641533
22450,57,2021-02-15,2021-02,285.17202031922994
22478,57,2021-03-15,2021-03,295.984229620434
22654,58,2020-08-15,2020-08,4.50910839896591
22685,58,2020-09-15,2020-09,41.583999679352296
22715,58,2020-10-15,2020-10,109.220625663841
22746,58,2020-11-15,2020-11,217.940239283352
22776,58,2020-12-15,2020-12,182.869396180284
22807,58,2021-01-15,2021-01,259.02322691837503
22838,58,2021-02-15,2021-02,167.338022806068
22866,58,2021-03-15,2021-03,249.50399807611402
23042,59,2020-08-15,2020-08,27.8487192679147
23073,59,2020-09-15,2020-09,187.94988621036498
23103,59,2020-10-15,2020-10,472.34672389366
23134,59,2020-11-15,2020-11,324.064846959507
23164,59,2020-12-15,2020-12,118.772277044158
23195,59,2021-01-15,2021-01,175.705719763861
23226,59,2021-02-15,2021-02,248.55271635094502
23254,59,2021-03-15,2021-03,412.09151992979497
23430,60,2020-08-15,2020-08,12.1200809136602
23461,60,2020-09-15,2020-09,64.9636336972186
23491,60,2020-10-15,2020-10,218.04025563674702
23522,60,2020-11-15,2020-11,241.189610181838
23552,60,2020-12-15,2020-12,113.32275654272301
23583,60,2021-01-15,2021-01,231.008742214363
23614,60,2021-02-15,2021-02,233.675160015368
23642,60,2021-03-15,2021-03,404.325899279704
23818,61,2020-08-15,2020-08,10.111844219817
23849,61,2020-09-15,2020-09,41.530788759962896
23879,61,2020-10-15,2020-10,87.0340877491396
23910,61,2020-11-15,2020-11,243.76767315630403
23940,61,2020-12-15,2020-12,194.291863937913
23971,61,2021-01-15,2021-01,207.292806506249
24002,61,2021-02-15,2021-02,98.2293438496513
24030,61,2021-03-15,2021-03,223.18284742310502
24206,62,2020-08-15,2020-08,9.843210731440038
24237,62,2020-09-15,2020-09,106.34797608444
24267,62,2020-10-15,2020-10,225.705510408335
24298,62,2020-11-15,2020-11,340.038188904292
24328,62,2020-12-15,2020-12,140.833630465219
24359,62,2021-01-15,2021-01,175.388118487477
24390,62,2021-02-15,2021-02,269.139538181333
24418,62,2021-03-15,2021-03,451.961689948499
24594,63,2020-08-15,2020-08,6.967163455713071
24625,63,2020-09-15,2020-09,76.032957712347
24655,63,2020-10-15,2020-10,236.58063734399602
24686,63,2020-11-15,2020-11,282.927420332001
24716,63,2020-12-15,2020-12,132.07318550829999
24747,63,2021-01-15,2021-01,192.65721555797901
24778,63,2021-02-15,2021-02,164.940021810251
24806,63,2021-03-15,2021-03,182.66085059978198
24982,64,2020-08-15,2020-08,14.198536526101199
25013,64,2020-09-15,2020-09,88.5578824566103
25043,64,2020-10-15,2020-10,188.533144800189
25074,64,2020-11-15,2020-11,263.62437405678503
25104,64,2020-12-15,2020-12,128.665088726216
25135,64,2021-01-15,2021-01,128.372335395781
25166,64,2021-02-15,2021-02,60.7463160652781
25194,64,2021-03-15,2021-03,57.96515942614489
25370,65,2020-08-15,2020-08,13.666080347735601
25401,65,2020-09-15,2020-09,50.6967496770837
25431,65,2020-10-15,2020-10,186.03502924981998
25462,65,2020-11-15,2020-11,425.411855985964
25492,65,2020-12-15,2020-12,205.872887819114
25523,65,2021-01-15,2021-01,168.401377188226
25554,65,2021-02-15,2021-02,85.52321249873259
25582,65,2021-03-15,2021-03,113.73705579728399
25758,66,2020-08-15,2020-08,7.72442588726514
25789,66,2020-09-15,2020-09,94.3632567849687
25819,66,2020-10-15,2020-10,251.98329853862202
25850,66,2020-11-15,2020-11,133.402922755741
25880,66,2020-12-15,2020-12,46.972860125261
25911,66,2021-01-15,2021-01,213.98747390396701
25942,66,2021-02-15,2021-02,99.79123173277658
25970,66,2021-03-15,2021-03,102.713987473904
26146,67,2020-08-15,2020-08,12.4491549142818
26177,67,2020-09-15,2020-09,61.8043151772857
26207,67,2020-10-15,2020-10,161.57413824918999
26238,67,2020-11-15,2020-11,253.75085974217004
26268,67,2020-12-15,2020-12,130.053937508774
26299,67,2021-01-15,2021-01,199.363062386159
26330,67,2021-02-15,2021-02,157.77758745972798
26358,67,2021-03-15,2021-03,220.553113304085
26534,68,2020-08-15,2020-08,11.6613644582576
26565,68,2020-09-15,2020-09,38.783863816227395
26595,68,2020-10-15,2020-10,112.551821007227
26626,68,2020-11-15,2020-11,261.398001058695
26656,68,2020-12-15,2020-12,174.789440306917
26687,68,2021-01-15,2021-01,178.45818418142503
26718,68,2021-02-15,2021-02,132.860938883968
26746,68,2021-03-15,2021-03,143.343064239705
26922,69,2020-08-15,2020-08,29.1569898686123
26953,69,2020-09-15,2020-09,192.691989716697
26983,69,2020-10-15,2020-10,511.873078077302
27014,69,2020-11-15,2020-11,401.215105559497
27044,69,2020-12-15,2020-12,184.643168016221
27075,69,2021-01-15,2021-01,210.761860951541
27106,69,2021-02-15,2021-02,205.058391269747
27134,69,2021-03-15,2021-03,327.17660660611
27310,70,2020-08-15,2020-08,11.149514996097698
27341,70,2020-09-15,2020-09,18.0107549936962
27371,70,2020-10-15,2020-10,89.19611996878142
27402,70,2020-11-15,2020-11,329.768347384581
27432,70,2020-12-15,2020-12,219.988507423004
27463,70,2021-01-15,2021-01,267.588359906344
27494,70,2021-02-15,2021-02,174.10396493906399
27522,70,2021-03-15,2021-03,171.959827439814
27698,71,2020-08-15,2020-08,6.93653436140074
27729,71,2020-09-15,2020-09,58.4129209381115
27759,71,2020-10-15,2020-10,304.112269634043
27790,71,2020-11-15,2020-11,387.89830310464697
27820,71,2020-12-15,2020-12,196.04836589853699
27851,71,2021-01-15,2021-01,246.064429451795
27882,71,2021-02-15,2021-02,155.34186161979
27910,71,2021-03-15,2021-03,147.3100849908
28086,72,2020-08-15,2020-08,52.835725518405894
28117,72,2020-09-15,2020-09,57.2982023358389
28147,72,2020-10-15,2020-10,117.63088890753201
28178,72,2020-11-15,2020-11,194.74248831277302
28208,72,2020-12-15,2020-12,147.618733120681
28239,72,2021-01-15,2021-01,164.219146881532
28270,72,2021-02-15,2021-02,135.837794322658
28298,72,2021-03-15,2021-03,210.45040671013697
28474,73,2020-08-15,2020-08,8.55396395313353
28505,73,2020-09-15,2020-09,52.017348363649795
28535,73,2020-10-15,2020-10,304.012502658664
28566,73,2020-11-15,2020-11,587.911630616718
28596,73,2020-12-15,2020-12,159.982244745092
28627,73,2021-01-15,2021-01,162.98769153943599
28658,73,2021-02-15,2021-02,133.62678824084298
28686,73,2021-03-15,2021-03,202.28968808086003
28862,74,2020-08-15,2020-08,20.038507734743302
28893,74,2020-09-15,2020-09,45.2677132561971
28923,74,2020-10-15,2020-10,205.817202938176
28954,74,2020-11-15,2020-11,654.390062831586
28984,74,2020-12-15,2020-12,187.71011763569803
29015,74,2021-01-15,2021-01,186.382264713516
29046,74,2021-02-15,2021-02,179.38085839655702
29074,74,2021-03-15,2021-03,271.36485173315
29250,75,2020-08-15,2020-08,74.5715973450277
29281,75,2020-09-15,2020-09,225.20436201950298
29311,75,2020-10-15,2020-10,454.73778680622706
29342,75,2020-11-15,2020-11,165.993955138807
29372,75,2020-12-15,2020-12,124.19289745101999
29403,75,2021-01-15,2021-01,212.77576246199902
29434,75,2021-02-15,2021-02,259.464471661164
29462,75,2021-03-15,2021-03,467.352582611784
29638,76,2020-08-15,2020-08,9.72834598822307
29669,76,2020-09-15,2020-09,108.29819872840099
29699,76,2020-10-15,2020-10,225.038350587078
29730,76,2020-11-15,2020-11,215.310004598854
29760,76,2020-12-15,2020-12,107.574602745806
29791,76,2021-01-15,2021-01,223.349959961022
29822,76,2021-02-15,2021-02,145.040794733508
29850,76,2021-03-15,2021-03,297.55874795383096
30026,77,2020-08-15,2020-08,26.0605630626992
30057,77,2020-09-15,2020-09,100.16809414396
30087,77,2020-10-15,2020-10,271.563711052278
30118,77,2020-11-15,2020-11,240.23484009280702
30148,77,2020-12-15,2020-12,123.418892995047
30179,77,2021-01-15,2021-01,184.180044071152
30210,77,2021-02-15,2021-02,253.01926725564
30238,77,2021-03-15,2021-03,507.021951985344
30414,78,2020-08-15,2020-08,28.5097937699543
30445,78,2020-09-15,2020-09,110.44956424195401
30475,78,2020-10-15,2020-10,281.439295884028
30506,78,2020-11-15,2020-11,198.809215635516
30536,78,2020-12-15,2020-12,111.761152817327
30567,78,2021-01-15,2021-01,152.62749158685
30598,78,2021-02-15,2021-02,216.343083958927
30626,78,2021-03-15,2021-03,398.101648114591
30802,79,2020-08-15,2020-08,4.293838073998931
30833,79,2020-09-15,2020-09,35.9608938697411
30863,79,2020-10-15,2020-10,81.3145585263548
30894,79,2020-11-15,2020-11,191.344159172577
30924,79,2020-12-15,2020-12,115.128533359096
30955,79,2021-01-15,2021-01,264.607771310184
30986,79,2021-02-15,2021-02,129.351871979218
31014,79,2021-03-15,2021-03,175.24226639508097
31190,80,2020-08-15,2020-08,3.6857042064415597
31221,80,2020-09-15,2020-09,57.39167978601849
31251,80,2020-10-15,2020-10,130.579234742501
31282,80,2020-11-15,2020-11,191.130089562612
31312,80,2020-12-15,2020-12,120.926199916106
31343,80,2021-01-15,2021-01,284.50126279246496
31374,80,2021-02-15,2021-02,253.085022175654
31402,80,2021-03-15,2021-03,356.811269128366
31578,81,2020-08-15,2020-08,20.366178737709397
31609,81,2020-09-15,2020-09,92.55010337769208
31639,81,2020-10-15,2020-10,270.689717399935
31670,81,2020-11-15,2020-11,229.69956019365898
31700,81,2020-12-15,2020-12,108.01808722911699
31731,81,2021-01-15,2021-01,257.799730857081
31762,81,2021-02-15,2021-02,176.077216175386
31790,81,2021-03-15,2021-03,184.842407024527
31966,82,2020-08-15,2020-08,9.900311479030382
31997,82,2020-09-15,2020-09,78.06014820004721
32027,82,2020-10-15,2020-10,273.020128094799
32058,82,2020-11-15,2020-11,219.710758592328
32088,82,2020-12-15,2020-12,64.73280582442939
32119,82,2021-01-15,2021-01,116.13826927324101
32150,82,2021-02-15,2021-02,154.977952767899
32178,82,2021-03-15,2021-03,206.00263500597802
32354,83,2020-08-15,2020-08,38.6464972304896
32385,83,2020-09-15,2020-09,81.6698266774442
32415,83,2020-10-15,2020-10,173.95579958205897
32446,83,2020-11-15,2020-11,268.476750639762
32476,83,2020-12-15,2020-12,106.440834540842
32507,83,2021-01-15,2021-01,290.826532170648
32538,83,2021-02-15,2021-02,289.429670824968
32566,83,2021-03-15,2021-03,363.370198056314
32742,84,2020-08-15,2020-08,23.5295375911101
32773,84,2020-09-15,2020-09,78.431791970367
32803,84,2020-10-15,2020-10,236.364900347061
32834,84,2020-11-15,2020-11,366.668627461466
32864,84,2020-12-15,2020-12,179.85835931386399
32895,84,2021-01-15,2021-01,261.85523273742996
32926,84,2021-02-15,2021-02,231.373786312583
32954,84,2021-03-15,2021-03,266.668092699248
33130,85,2020-08-15,2020-08,5.12304830156312
33161,85,2020-09-15,2020-09,23.4196493785742
33191,85,2020-10-15,2020-10,97.19154492108309
33222,85,2020-11-15,2020-11,172.427168549753
33252,85,2020-12-15,2020-12,76.69935171483058
33283,85,2021-01-15,2021-01,142.274369974839
33314,85,2021-02-15,2021-02,111.389707356844
33342,85,2021-03-15,2021-03,153.545076238277
33518,86,2020-08-15,2020-08,8.45911503939204
33549,86,2020-09-15,2020-09,74.074412777379
33579,86,2020-10-15,2020-10,87.7918966250417
33610,86,2020-11-15,2020-11,195.2455200984
33640,86,2020-12-15,2020-12,69.50191816149139
33671,86,2021-01-15,2021-01,120.94248259022699
33702,86,2021-02-15,2021-02,131.687844937563
33730,86,2021-03-15,2021-03,223.137737255314
33906,87,2020-08-15,2020-08,4.0455911148030905
33937,87,2020-09-15,2020-09,55.020039161322
33967,87,2020-10-15,2020-10,177.73630297701598
33998,87,2020-11-15,2020-11,170.72394504469
34028,87,2020-12-15,2020-12,113.546257288807
34059,87,2021-01-15,2021-01,122.176851667053
34090,87,2021-02-15,2021-02,109.500666174004
34118,87,2021-03-15,2021-03,149.686871247714
34294,88,2020-08-15,2020-08,13.0729862038273
34325,88,2020-09-15,2020-09,23.642634623943
34355,88,2020-10-15,2020-10,114.59724076546499
34386,88,2020-11-15,2020-11,284.54606141522004
34416,88,2020-12-15,2020-12,305.407209612817
34447,88,2021-01-15,2021-01,202.770360480641
34478,88,2021-02-15,2021-02,116.544281263907
34506,88,2021-03-15,2021-03,174.39919893190898
34682,89,2020-08-15,2020-08,6.62459047986125
34713,89,2020-09-15,2020-09,52.99672383889
34743,89,2020-10-15,2020-10,158.387936018501
34774,89,2020-11-15,2020-11,383.322894584698
34804,89,2020-12-15,2020-12,267.091443438042
34835,89,2021-01-15,2021-01,173.44382347273103
34866,89,2021-02-15,2021-02,119.24262863750201
34894,89,2021-03-15,2021-03,242.700905762189
35070,90,2020-08-15,2020-08,12.843840308252199
35101,90,2020-09-15,2020-09,60.6514681223019
35131,90,2020-10-15,2020-10,49.9482678654251
35162,90,2020-11-15,2020-11,382.461022512398
35192,90,2020-12-15,2020-12,199.79307146169998
35223,90,2021-01-15,2021-01,311.106354133219
35254,90,2021-02-15,2021-02,111.31328267151899
35282,90,2021-03-15,2021-03,186.23568446965598
35458,91,2020-08-15,2020-08,36.1527693248679
35489,91,2020-09-15,2020-09,106.032964959099
35519,91,2020-10-15,2020-10,313.930336569398
35550,91,2020-11-15,2020-11,221.009382287872
35580,91,2020-12-15,2020-12,99.13589575875721
35611,91,2021-01-15,2021-01,176.671080285675
35642,91,2021-02-15,2021-02,214.567064902937
35670,91,2021-03-15,2021-03,449.901129376134
35846,92,2020-08-15,2020-08,43.7487064387438
35877,92,2020-09-15,2020-09,176.172198874431
35907,92,2020-10-15,2020-10,388.842964452007
35938,92,2020-11-15,2020-11,189.74297325132198
35968,92,2020-12-15,2020-12,108.93799705284901
35999,92,2021-01-15,2021-01,201.144902408162
36030,92,2021-02-15,2021-02,225.435968872733
36058,92,2021-03-15,2021-03,421.80941179678297
36234,93,2020-08-15,2020-08,50.714038088817205
36265,93,2020-09-15,2020-09,159.2073521584
36295,93,2020-10-15,2020-10,365.77574815181197
36326,93,2020-11-15,2020-11,221.297620751202
36356,93,2020-12-15,2020-12,154.596985059417
36387,93,2021-01-15,2021-01,196.150163847657
36418,93,2021-02-15,2021-02,249.917821703333
36446,93,2021-03-15,2021-03,622.938432439261
36622,94,2020-08-15,2020-08,54.4792079320589
36653,94,2020-09-15,2020-09,146.439541947923
36683,94,2020-10-15,2020-10,370.68620331839503
36714,94,2020-11-15,2020-11,227.447137032277
36744,94,2020-12-15,2020-12,157.81901096767402
36775,94,2021-01-15,2021-01,210.662420228144
36806,94,2021-02-15,2021-02,258.242825066979
36834,94,2021-03-15,2021-03,554.6068713501239
37010,95,2020-08-15,2020-08,33.0034589547516
37041,95,2020-09-15,2020-09,140.585122489294
37071,95,2020-10-15,2020-10,381.141887637641
37102,95,2020-11-15,2020-11,235.349908759855
37132,95,2020-12-15,2020-12,133.856261925704
37163,95,2021-01-15,2021-01,207.39309522779598
37194,95,2021-02-15,2021-02,260.743346839118
37222,95,2021-03-15,2021-03,585.170552583642
37398,971,2020-08-15,2020-08,46.434001363833
37429,971,2020-09-15,2020-09,271.970579416736
37459,971,2020-10-15,2020-10,119.93239209401399
37490,971,2020-11-15,2020-11,34.4938295845616
37520,971,2020-12-15,2020-12,13.0015203818732
37551,971,2021-01-15,2021-01,27.3297265169988
37582,971,2021-02-15,2021-02,54.1287787326967
37610,971,2021-03-15,2021-03,94.19468848091829
37786,972,2020-08-15,2020-08,34.5645562775088
37817,972,2020-09-15,2020-09,56.0280307401554
37847,972,2020-10-15,2020-10,153.868024719233
37878,972,2020-11-15,2020-11,105.923640205269
37908,972,2020-12-15,2020-12,17.83977098194
37939,972,2021-01-15,2021-01,20.0697423546825
37970,972,2021-02-15,2021-02,21.4634744626466
37998,972,2021-03-15,2021-03,85.85389785058629
38174,973,2020-08-15,2020-08,106.98645640903901
38205,973,2020-09-15,2020-09,64.67348490321339
38235,973,2020-10-15,2020-10,32.336742451606696
38266,973,2020-11-15,2020-11,54.697255848994295
38296,973,2020-12-15,2020-12,171.659941312253
38327,973,2021-01-15,2021-01,289.654650470775
38358,973,2021-02-15,2021-02,35.43281353739879
38386,973,2021-03-15,2021-03,25.456584483179697
38562,974,2020-08-15,2020-08,23.838345781601202
38593,974,2020-09-15,2020-09,70.4684758226846
38623,974,2020-10-15,2020-10,36.2807994334614
38654,974,2020-11-15,2020-11,69.6544835277031
38684,974,2020-12-15,2020-12,29.885145687178102
38715,974,2021-01-15,2021-01,25.466330371564197
38746,974,2021-02-15,2021-02,78.3758295453621
38774,974,2021-03-15,2021-03,115.47062127380501
38950,976,2020-08-15,2020-08,27.194234822217698
38981,976,2020-09-15,2020-09,39.7178955956074
39011,976,2020-10-15,2020-10,58.3244773160721
39042,976,2020-11-15,2020-11,77.2888779157766
39072,976,2020-12-15,2020-12,49.7368242143192
39103,976,2021-01-15,2021-01,176.04688858593602
39134,976,2021-02-15,2021-02,913.86941757821
39162,976,2021-03-15,2021-03,190.001824876284
